0x0	CONST
0x4	MSTORE
0x2	CONST
0x5	CONST
0x7	CALLDATASIZE
0x8	LT
0xd	CONST
0x12	CONST
0x30	CONST
0x32	CALLDATALOAD
0x33	DIV
0x34	AND
0x35	CONST
0x3b	EQ
0x41	CONST
0x46	EQ
0x4c	CONST
0x51	EQ
0x57	CONST
0x5c	EQ
0x62	CONST
0x67	EQ
0x6d	CONST
0x72	EQ
0x78	CONST
0x7d	EQ
0x83	CONST
0x88	EQ
0x8e	CONST
0x93	EQ
0x99	CONST
0x9e	EQ
0xa4	CONST
0xa9	EQ
0xaf	CONST
0xb4	EQ
0xba	CONST
0xbf	EQ
0xc5	CONST
0xca	EQ
0xd0	CONST
0xd5	EQ
0xdb	CONST
0xe0	EQ
0xe6	CONST
0xeb	EQ
0xf1	CONST
0xf6	EQ
0xfc	CONST
0x101	EQ
0x107	CONST
0x10c	EQ
0x112	CONST
0x117	EQ
0x11d	CONST
0x122	EQ
0x128	CONST
0x12d	EQ
0x133	CONST
0x138	EQ
0x13e	CONST
0x143	EQ
0x149	CONST
0x14e	EQ
0x154	CONST
0x159	EQ
0x15f	CONST
0x164	EQ
0x16a	CONST
0x16f	EQ
0x175	CONST
0x17a	EQ
0x180	CONST
0x185	EQ
0x18b	CONST
0x18e	CONST
0x195	CALLVALUE
0x197	ISZERO
0x198	CONST
0x19c	CONST
0x1a2	CONST
0x1a5	CONST
0x1aa	CONST
0x1ac	MLOAD
0x1af	CONST
0x1b2	GT
0x1b3	ISZERO
0x1b4	CONST
0x1ba	CONST
0x1bc	AND
0x1bf	CONST
0x1c1	ADD
0x1c5	CONST
0x1c7	MLOAD
0x1ca	SUB
0x1ce	CALLVALUE
0x1d0	ISZERO
0x1d1	CONST
0x1d5	CONST
0x1db	CONST
0x1de	CONST
0x1e0	CALLDATALOAD
0x1e1	CONST
0x1e6	CALLVALUE
0x1e8	ISZERO
0x1e9	CONST
0x1ed	CONST
0x1f3	CONST
0x1f6	CONST
0x1f8	CONST
0x1fa	CONST
0x1fc	EXP
0x1fd	SUB
0x1fe	CONST
0x200	CALLDATALOAD
0x201	AND
0x202	CONST
0x207	CALLVALUE
0x209	ISZERO
0x20a	CONST
0x20e	CONST
0x214	CONST
0x217	CONST
0x22e	CALLVALUE
0x230	ISZERO
0x231	CONST
0x235	CONST
0x23b	CONST
0x23e	CONST
0x25f	CALLVALUE
0x261	ISZERO
0x262	CONST
0x266	CONST
0x26c	CONST
0x26f	CONST
0x271	CONST
0x274	CALLDATALOAD
0x277	ADD
0x27b	ADD
0x27c	CALLDATALOAD
0x27f	CALLDATALOAD
0x282	ADD
0x284	ADD
0x285	CALLDATALOAD
0x286	CONST
0x28b	CALLVALUE
0x28d	ISZERO
0x28e	CONST
0x292	CONST
0x298	CONST
0x29b	CONST
0x29d	CONST
0x29f	CONST
0x2a1	EXP
0x2a2	SUB
0x2a3	CONST
0x2a5	CALLDATALOAD
0x2a6	AND
0x2a7	CONST
0x2ac	CALLVALUE
0x2ae	ISZERO
0x2af	CONST
0x2b3	CONST
0x2b9	CONST
0x2bc	CONST
0x2be	CONST
0x2c0	CONST
0x2c2	EXP
0x2c3	SUB
0x2c4	CONST
0x2c6	CALLDATALOAD
0x2c7	AND
0x2c8	CONST
0x2e8	CALLVALUE
0x2ea	ISZERO
0x2eb	CONST
0x2ef	CONST
0x2f5	CONST
0x2f8	CONST
0x2fd	CALLVALUE
0x2ff	ISZERO
0x300	CONST
0x304	CONST
0x30a	CONST
0x30d	CONST
0x312	CALLVALUE
0x314	ISZERO
0x315	CONST
0x319	CONST
0x31f	CONST
0x322	CONST
0x327	CALLVALUE
0x329	ISZERO
0x32a	CONST
0x32e	CONST
0x334	CONST
0x337	CONST
0x339	CONST
0x33b	CONST
0x33d	EXP
0x33e	SUB
0x33f	CONST
0x341	CALLDATALOAD
0x342	AND
0x343	CONST
0x348	CALLVALUE
0x34a	ISZERO
0x34b	CONST
0x34f	CONST
0x355	CONST
0x358	CONST
0x35a	CONST
0x35c	CONST
0x35e	EXP
0x35f	SUB
0x360	CONST
0x362	CALLDATALOAD
0x363	AND
0x364	CONST
0x37d	CALLVALUE
0x37f	ISZERO
0x380	CONST
0x384	CONST
0x38a	CONST
0x38d	CONST
0x38f	CONST
0x391	CONST
0x393	EXP
0x394	SUB
0x395	CONST
0x397	CALLDATALOAD
0x398	AND
0x399	CONST
0x39e	CALLVALUE
0x3a0	ISZERO
0x3a1	CONST
0x3a5	CONST
0x3ab	CONST
0x3ae	CONST
0x3b0	CONST
0x3b2	CONST
0x3b4	EXP
0x3b5	SUB
0x3b6	CONST
0x3b8	CALLDATALOAD
0x3b9	AND
0x3ba	CONST
0x3da	CALLVALUE
0x3dc	ISZERO
0x3dd	CONST
0x3e1	CONST
0x3e7	CONST
0x3ea	CONST
0x3ef	CALLVALUE
0x3f1	ISZERO
0x3f2	CONST
0x3f6	CONST
0x3fc	CONST
0x3ff	CONST
0x404	CALLVALUE
0x406	ISZERO
0x407	CONST
0x40b	CONST
0x411	CONST
0x414	CONST
0x416	CONST
0x418	CONST
0x41a	EXP
0x41b	SUB
0x41c	CONST
0x41e	CALLDATALOAD
0x41f	AND
0x420	CONST
0x425	CALLVALUE
0x427	ISZERO
0x428	CONST
0x42c	CONST
0x432	CONST
0x435	CONST
0x437	CONST
0x439	CONST
0x43b	EXP
0x43c	SUB
0x43d	CONST
0x43f	CALLDATALOAD
0x440	AND
0x441	CONST
0x443	CALLDATALOAD
0x444	CONST
0x446	CALLDATALOAD
0x447	CONST
0x449	CALLDATALOAD
0x44a	CONST
0x44f	CALLVALUE
0x451	ISZERO
0x452	CONST
0x456	CONST
0x45c	CONST
0x45f	CONST
0x461	CONST
0x463	CALLDATALOAD
0x464	AND
0x465	CONST
0x46a	CALLVALUE
0x46c	ISZERO
0x46d	CONST
0x471	CONST
0x477	CONST
0x47a	CONST
0x47c	CALLDATALOAD
0x47d	CONST
0x482	CALLVALUE
0x484	ISZERO
0x485	CONST
0x489	CONST
0x48f	CONST
0x492	CONST
0x497	CALLVALUE
0x499	ISZERO
0x49a	CONST
0x49e	CONST
0x4a4	CONST
0x4a7	CONST
0x4a9	CONST
0x4ab	CONST
0x4ad	EXP
0x4ae	SUB
0x4af	CONST
0x4b1	CALLDATALOAD
0x4b2	AND
0x4b3	CONST
0x4b8	CONST
0x4bb	MLOAD
0x4bf	CONST
0x4c2	ADD
0x4c9	ADD
0x4ce	CONST
0x4d1	ADD
0x4d3	MLOAD
0x4d7	SUB
0x4d8	CONST
0x4da	ADD
0x4de	CALLVALUE
0x4e0	ISZERO
0x4e1	CONST
0x4e5	CONST
0x4eb	CONST
0x4ee	CONST
0x4f0	CONST
0x4f2	CONST
0x4f4	EXP
0x4f5	SUB
0x4f6	CONST
0x4f8	CALLDATALOAD
0x4f9	AND
0x4fa	CONST
0x4ff	CALLVALUE
0x501	ISZERO
0x502	CONST
0x506	CONST
0x50c	CONST
0x50f	CONST
0x514	CALLVALUE
0x516	ISZERO
0x517	CONST
0x51b	CONST
0x521	CONST
0x524	CONST
0x529	CALLVALUE
0x52b	ISZERO
0x52c	CONST
0x530	CONST
0x536	CONST
0x539	CONST
0x53e	CALLVALUE
0x540	ISZERO
0x541	CONST
0x545	CONST
0x54b	CONST
0x57c	CONST
0x57e	SLOAD
0x57f	CONST
0x581	AND
0x585	CONST
0x588	CONST
0x58d	ISZERO
0x58e	ISZERO
0x58f	CONST
0x593	CONST
0x598	CONST
0x59b	SLOAD
0x59c	CONST
0x5b1	NOT
0x5b2	AND
0x5b3	CONST
0x5b5	CONST
0x5b7	CONST
0x5b9	EXP
0x5ba	SUB
0x5be	AND
0x5c2	OR
0x5c7	CONST
0x5c9	SLOAD
0x5cd	CONST
0x5cf	SLOAD
0x5d0	CONST
0x5d2	CONST
0x5d4	CONST
0x5d6	EXP
0x5d7	SUB
0x5d8	AND
0x5dc	CONST
0x5df	CONST
0x5e4	ISZERO
0x5e5	ISZERO
0x5e6	CONST
0x5ea	CONST
0x5ef	CONST
0x5f2	SLOAD
0x5f3	CONST
0x608	NOT
0x609	AND
0x60a	CONST
0x60c	CONST
0x60e	CONST
0x610	EXP
0x611	SUB
0x615	AND
0x619	OR
0x64d	CONST
0x64f	SLOAD
0x650	CONST
0x652	CONST
0x654	CONST
0x656	EXP
0x657	SUB
0x658	AND
0x65c	CONST
0x65e	SLOAD
0x662	CONST
0x664	SLOAD
0x665	CONST
0x667	CONST
0x669	CONST
0x66b	EXP
0x66c	SUB
0x66d	AND
0x671	CONST
0x674	CONST
0x679	ISZERO
0x67a	ISZERO
0x67b	CONST
0x67f	CONST
0x684	CONST
0x687	SLOAD
0x688	CONST
0x69d	NOT
0x69e	AND
0x69f	CONST
0x6a1	CONST
0x6a3	CONST
0x6a5	EXP
0x6a6	SUB
0x6aa	AND
0x6ae	OR
0x6b3	CONST
0x6b5	CONST
0x6b8	CONST
0x6bd	ISZERO
0x6be	ISZERO
0x6bf	CONST
0x6c3	CONST
0x6c9	CONST
0x6cc	SLOAD
0x6cd	CONST
0x6cf	CONST
0x6d1	CONST
0x6d3	EXP
0x6d4	SUB
0x6d6	AND
0x6d7	CONST
0x6ec	NOT
0x6ef	AND
0x6f0	OR
0x6f3	CONST
0x6fa	CONST
0x6fd	CONST
0x702	ISZERO
0x703	ISZERO
0x704	CONST
0x708	CONST
0x70d	CONST
0x710	SLOAD
0x711	CONST
0x726	NOT
0x727	AND
0x728	CONST
0x72a	CONST
0x72c	CONST
0x72e	EXP
0x72f	SUB
0x733	AND
0x737	OR
0x73c	CONST
0x73e	SLOAD
0x73f	CONST
0x741	CONST
0x743	CONST
0x745	EXP
0x746	SUB
0x747	AND
0x74b	CONST
0x74d	SLOAD
0x74e	CONST
0x750	CONST
0x752	CONST
0x754	EXP
0x755	SUB
0x756	AND
0x75a	CONST
0x75c	CONST
0x75f	CONST
0x764	CONST
0x767	SHA3
0x768	SLOAD
0x769	CONST
0x76b	AND
0x76f	CONST
0x771	SLOAD
0x775	CONST
0x777	CONST
0x77c	CONST
0x781	CONST
0x785	SHA3
0x787	SLOAD
0x788	CONST
0x78b	ADD
0x78c	SLOAD
0x78d	CONST
0x790	ADD
0x791	SLOAD
0x795	ADD
0x796	SLOAD
0x79e	CONST
0x7a0	CONST
0x7a3	CONST
0x7a8	CONST
0x7ab	SHA3
0x7ac	SLOAD
0x7ad	CONST
0x7af	AND
0x7b3	CONST
0x7b5	SLOAD
0x7b9	CONST
0x7bb	SLOAD
0x7bf	CONST
0x7c1	SLOAD
0x7c2	CONST
0x7c4	CONST
0x7c6	CONST
0x7c8	EXP
0x7c9	SUB
0x7ca	AND
0x8cc	CONST
0x8cf	MLOAD
0x8d3	MLOAD
0x8d7	SUB
0x8d8	CONST
0x8da	ADD
0x8fd	CONST
0x900	MLOAD
0x901	CONST
0x903	CONST
0x905	CONST
0x907	EXP
0x908	SUB
0x90b	AND
0x90e	MLOAD
0x912	SUB
0x913	CONST
0x915	ADD
0x9b4	CONST
0x9b7	MLOAD
0x9b8	CONST
0x9ba	CONST
0x9bc	CONST
0x9be	EXP
0x9bf	SUB
0x9c2	AND
0x9c5	MLOAD
0x9c9	SUB
0x9ca	CONST
0x9cc	ADD
0x9ef	CONST
0x9f2	MLOAD
0x9f6	MLOAD
0x9fa	SUB
0x9fb	CONST
0x9fd	ADD
0xa20	CONST
0xa23	MLOAD
0xa24	CONST
0xa26	CONST
0xa28	CONST
0xa2a	EXP
0xa2b	SUB
0xa2e	AND
0xa31	MLOAD
0xa35	SUB
0xa36	CONST
0xa38	ADD
0xa7c	CONST
0xa7f	MLOAD
0xa81	ISZERO
0xa82	ISZERO
0xa85	MLOAD
0xa89	SUB
0xa8a	CONST
0xa8c	ADD
0xad0	CONST
0xad3	MLOAD
0xad4	CONST
0xad6	CONST
0xad8	CONST
0xada	EXP
0xadb	SUB
0xade	AND
0xae1	MLOAD
0xae5	SUB
0xae6	CONST
0xae8	ADD
0xb0b	CONST
0xb0e	MLOAD
0xb0f	CONST
0xb11	CONST
0xb13	CONST
0xb15	EXP
0xb16	SUB
0xb19	AND
0xb1c	MLOAD
0xb20	SUB
0xb21	CONST
0xb23	ADD
0xb46	CONST
0xb49	MLOAD
0xb4b	ISZERO
0xb4c	ISZERO
0xb4f	MLOAD
0xb53	SUB
0xb54	CONST
0xb56	ADD
0xbf5	CONST
0xbf8	MLOAD
0xbfc	MLOAD
0xc00	SUB
0xc01	CONST
0xc03	ADD
0xc26	CONST
0xc29	MLOAD
0xc2b	ISZERO
0xc2c	ISZERO
0xc2f	MLOAD
0xc33	SUB
0xc34	CONST
0xc36	ADD
0xc59	CONST
0xc5c	MLOAD
0xc60	MLOAD
0xc64	SUB
0xc65	CONST
0xc67	ADD
0xc8a	CONST
0xc8d	MLOAD
0xc91	MLOAD
0xc95	SUB
0xc96	CONST
0xc98	ADD
0xcbb	CONST
0xcbe	MLOAD
0xcbf	CONST
0xcc1	CONST
0xcc3	CONST
0xcc5	EXP
0xcc6	SUB
0xcc9	AND
0xccc	MLOAD
0xcd0	SUB
0xcd1	CONST
0xcd3	ADD
0xcf7	CONST
0xcf9	CONST
0xcfb	CONST
0xcfd	CONST
0xcff	CONST
0xd01	CONST
0xd03	CONST
0xd05	CONST
0xd07	CONST
0xd09	CONST
0xd0b	CONST
0xd0d	CONST
0xd0f	CONST
0xd11	CONST
0xd13	CONST
0xd15	CONST
0xd17	CONST
0xd19	CONST
0xd1b	CONST
0xd1d	CONST
0xd1f	CONST
0xd21	CONST
0xd23	CONST
0xd25	CONST
0xd27	CONST
0xd29	CONST
0xd2b	CONST
0xd2d	CONST
0xd2f	CONST
0xd31	CONST
0xd33	CONST
0xd35	CONST
0xd38	CONST
0xd3b	CONST
0xd3e	CONST
0xd41	CONST
0xd44	CONST
0xd47	CONST
0xd4a	CONST
0xd4d	CONST
0xd50	CONST
0xd53	CONST
0xd56	CONST
0xd59	CONST
0xd5c	CONST
0xd5f	CONST
0xd62	CONST
0xd65	CONST
0xd68	CONST
0xd6b	CONST
0xd6e	CONST
0xd71	CONST
0xd74	CONST
0xd77	CONST
0xd7a	CONST
0xd7d	CONST
0xd80	CONST
0xd83	CONST
0xd86	CONST
0xd89	CONST
0xd8c	CONST
0x6440x2ab	CONST
0x6440x39d	CONST
0x6440x469	CONST
0x5710x18a	CONST
0x5710x1cd	CONST
0x5710x25e	CONST
0x5710x424	CONST
0x5710x44e	CONST
0x5710x53d	CONST
0x8450x2ab	CONST
0x8450x39d	CONST
0x8450x469	CONST
0x8210x18a	CONST
0x8210x1cd	CONST
0x8210x25e	CONST
0x8210x424	CONST
0x8210x44e	CONST
0x8210x53d	CONST
0x6480x2ab	CONST
0x6480x39d	CONST
0x6480x469	CONST
0x6430x2ab	ISZERO
0x6430x39d	ISZERO
0x6430x469	ISZERO
0x6400x2ab	DELEGATECALL
0x6400x39d	DELEGATECALL
0x6400x469	DELEGATECALL
0x63f0x2ab	GAS
0x63f0x39d	GAS
0x63f0x469	GAS
0x63c0x2ab	CALLDATASIZE
0x63c0x39d	CALLDATASIZE
0x63c0x469	CALLDATASIZE
0x6390x2ab	CONST
0x6390x39d	CONST
0x6390x469	CONST
0x6350x2ab	CALLDATASIZE
0x6350x39d	CALLDATASIZE
0x6350x469	CALLDATASIZE
0x6330x2ab	AND
0x6330x39d	AND
0x6330x469	AND
0x6300x2ab	SUB
0x6300x39d	SUB
0x6300x469	SUB
0x62f0x2ab	EXP
0x62f0x39d	EXP
0x62f0x469	EXP
0x62d0x2ab	CONST
0x62d0x39d	CONST
0x62d0x469	CONST
0x62b0x2ab	CONST
0x62b0x39d	CONST
0x62b0x469	CONST
0x6290x2ab	CONST
0x6290x39d	CONST
0x6290x469	CONST
0x6240x2ab	CONST
0x6240x39d	CONST
0x6240x469	CONST
0x6230x2ab	MLOAD
0x6230x39d	MLOAD
0x6230x469	MLOAD
0x6210x2ab	CONST
0x6210x39d	CONST
0x6210x469	CONST
0x6200x2ab	SLOAD
0x6200x39d	SLOAD
0x6200x469	SLOAD
0x61e0x2ab	CONST
0x61e0x39d	CONST
0x61e0x469	CONST
0x5700x18a	ISZERO
0x5700x1cd	ISZERO
0x5700x25e	ISZERO
0x5700x424	ISZERO
0x5700x44e	ISZERO
0x5700x53d	ISZERO
0x56d0x18a	DELEGATECALL
0x56d0x1cd	DELEGATECALL
0x56d0x25e	DELEGATECALL
0x56d0x424	DELEGATECALL
0x56d0x44e	DELEGATECALL
0x56d0x53d	DELEGATECALL
0x56c0x18a	GAS
0x56c0x1cd	GAS
0x56c0x25e	GAS
0x56c0x424	GAS
0x56c0x44e	GAS
0x56c0x53d	GAS
0x5690x18a	CALLDATASIZE
0x5690x1cd	CALLDATASIZE
0x5690x25e	CALLDATASIZE
0x5690x424	CALLDATASIZE
0x5690x44e	CALLDATASIZE
0x5690x53d	CALLDATASIZE
0x5660x18a	CONST
0x5660x1cd	CONST
0x5660x25e	CONST
0x5660x424	CONST
0x5660x44e	CONST
0x5660x53d	CONST
0x5620x18a	CONST
0x5620x1cd	CONST
0x5620x25e	CONST
0x5620x424	CONST
0x5620x44e	CONST
0x5620x53d	CONST
0x5610x18a	CALLDATASIZE
0x5610x1cd	CALLDATASIZE
0x5610x25e	CALLDATASIZE
0x5610x424	CALLDATASIZE
0x5610x44e	CALLDATASIZE
0x5610x53d	CALLDATASIZE
0x55f0x18a	AND
0x55f0x1cd	AND
0x55f0x25e	AND
0x55f0x424	AND
0x55f0x44e	AND
0x55f0x53d	AND
0x55c0x18a	SUB
0x55c0x1cd	SUB
0x55c0x25e	SUB
0x55c0x424	SUB
0x55c0x44e	SUB
0x55c0x53d	SUB
0x55b0x18a	EXP
0x55b0x1cd	EXP
0x55b0x25e	EXP
0x55b0x424	EXP
0x55b0x44e	EXP
0x55b0x53d	EXP
0x5590x18a	CONST
0x5590x1cd	CONST
0x5590x25e	CONST
0x5590x424	CONST
0x5590x44e	CONST
0x5590x53d	CONST
0x5570x18a	CONST
0x5570x1cd	CONST
0x5570x25e	CONST
0x5570x424	CONST
0x5570x44e	CONST
0x5570x53d	CONST
0x5550x18a	CONST
0x5550x1cd	CONST
0x5550x25e	CONST
0x5550x424	CONST
0x5550x44e	CONST
0x5550x53d	CONST
0x5540x18a	MLOAD
0x5540x1cd	MLOAD
0x5540x25e	MLOAD
0x5540x424	MLOAD
0x5540x44e	MLOAD
0x5540x53d	MLOAD
0x5520x18a	CONST
0x5520x1cd	CONST
0x5520x25e	CONST
0x5520x424	CONST
0x5520x44e	CONST
0x5520x53d	CONST
0x5510x18a	SLOAD
0x5510x1cd	SLOAD
0x5510x25e	SLOAD
0x5510x424	SLOAD
0x5510x44e	SLOAD
0x5510x53d	SLOAD
0x54f0x18a	CONST
0x54f0x1cd	CONST
0x54f0x25e	CONST
0x54f0x424	CONST
0x54f0x44e	CONST
0x54f0x53d	CONST
0x7ceS0x584	CONST
0x7d0S0x584	SLOAD
0x7d1S0x584	CONST
0x7d3S0x584	CONST
0x7d5S0x584	CONST
0x7d7S0x584	EXP
0x7d8S0x584	SUB
0x7d9S0x584	AND
0x7daS0x584	CALLER
0x7dbS0x584	EQ
0x7ceS0x5db	CONST
0x7d0S0x5db	SLOAD
0x7d1S0x5db	CONST
0x7d3S0x5db	CONST
0x7d5S0x5db	CONST
0x7d7S0x5db	EXP
0x7d8S0x5db	SUB
0x7d9S0x5db	AND
0x7daS0x5db	CALLER
0x7dbS0x5db	EQ
0x7ceS0x670	CONST
0x7d0S0x670	SLOAD
0x7d1S0x670	CONST
0x7d3S0x670	CONST
0x7d5S0x670	CONST
0x7d7S0x670	EXP
0x7d8S0x670	SUB
0x7d9S0x670	AND
0x7daS0x670	CALLER
0x7dbS0x670	EQ
0x7ceS0x6b2	CONST
0x7d0S0x6b2	SLOAD
0x7d1S0x6b2	CONST
0x7d3S0x6b2	CONST
0x7d5S0x6b2	CONST
0x7d7S0x6b2	EXP
0x7d8S0x6b2	SUB
0x7d9S0x6b2	AND
0x7daS0x6b2	CALLER
0x7dbS0x6b2	EQ
0x7ceS0x6f9	CONST
0x7d0S0x6f9	SLOAD
0x7d1S0x6f9	CONST
0x7d3S0x6f9	CONST
0x7d5S0x6f9	CONST
0x7d7S0x6f9	EXP
0x7d8S0x6f9	SUB
0x7d9S0x6f9	AND
0x7daS0x6f9	CALLER
0x7dbS0x6f9	EQ
0x58b	JUMP
0x5e2	JUMP
0x677	JUMP
0x6bb	JUMP
0x700	JUMP
0x191	JUMP
0x1a8	JUMP
0x1e4	JUMP
0x205	JUMP
0x21a	JUMP
0x241	JUMP
0x289	JUMP
0x2aa	JUMP
0x2cb	JUMP
0x2fb	JUMP
0x310	JUMP
0x325	JUMP
0x346	JUMP
0x367	JUMP
0x39c	JUMP
0x3bd	JUMP
0x3ed	JUMP
0x402	JUMP
0x423	JUMP
0x44d	JUMP
0x468	JUMP
0x480	JUMP
0x495	JUMP
0x4b6	JUMP
0x4fd	JUMP
0x512	JUMP
0x527	JUMP
0x53c	JUMP
0x583	JUMP
0x5c5	JUMP
0x5cb	JUMP
0x5da	JUMP
0x61c	JUMP
0x65a	JUMP
0x660	JUMP
0x66f	JUMP
0x6b1	JUMP
0x6f8	JUMP
0x73a	JUMP
0x749	JUMP
0x758	JUMP
0x76d	JUMP
0x773	JUMP
0x79c	JUMP
0x7b1	JUMP
0x7b7	JUMP
0x7bd	JUMP
0x7cc	JUMP
0x8ab	STOP
0x959	STOP
0xa5b	STOP
0xaaf	STOP
0x5750x18a	STOP
0x5750x1cd	STOP
0x5750x25e	STOP
0x5750x424	STOP
0x5750x44e	STOP
0x5750x53d	STOP
0x19b	JUMPI
0x1b7	JUMPI
0x1d4	JUMPI
0x1ec	JUMPI
0x20d	JUMPI
0x234	JUMPI
0x265	JUMPI
0x291	JUMPI
0x2b2	JUMPI
0x2ee	JUMPI
0x303	JUMPI
0x318	JUMPI
0x32d	JUMPI
0x34e	JUMPI
0x383	JUMPI
0x3a4	JUMPI
0x3e0	JUMPI
0x3f5	JUMPI
0x40a	JUMPI
0x42b	JUMPI
0x455	JUMPI
0x470	JUMPI
0x488	JUMPI
0x49d	JUMPI
0x4e4	JUMPI
0x505	JUMPI
0x51a	JUMPI
0x52f	JUMPI
0x544	JUMPI
0x592	JUMPI
0x5e9	JUMPI
0x67e	JUMPI
0x6c2	JUMPI
0x707	JUMPI
0xcf8	JUMPI
0xcfa	JUMPI
0xcfc	JUMPI
0xcfe	JUMPI
0xd00	JUMPI
0xd02	JUMPI
0xd04	JUMPI
0xd06	JUMPI
0xd08	JUMPI
0xd0a	JUMPI
0xd0c	JUMPI
0xd0e	JUMPI
0xd10	JUMPI
0xd12	JUMPI
0xd14	JUMPI
0xd16	JUMPI
0xd18	JUMPI
0xd1a	JUMPI
0xd1c	JUMPI
0xd1e	JUMPI
0xd20	JUMPI
0xd22	JUMPI
0xd24	JUMPI
0xd26	JUMPI
0xd28	JUMPI
0xd2a	JUMPI
0xd2c	JUMPI
0xd2e	JUMPI
0xd30	JUMPI
0xd32	JUMPI
0xd34	JUMPI
0xd36	JUMPI
0x5740x18a	JUMPI
0x5740x1cd	JUMPI
0x5740x25e	JUMPI
0x5740x424	JUMPI
0x5740x44e	JUMPI
0x5740x53d	JUMPI
0x6470x2ab	JUMPI
0x6470x39d	JUMPI
0x6470x469	JUMPI
0x1cc	RETURN
0x4dc	RETURN
0x8dc	RETURN
0x917	RETURN
0x9ce	RETURN
0x9ff	RETURN
0xa3a	RETURN
0xa8e	RETURN
0xaea	RETURN
0xb25	RETURN
0xb58	RETURN
0xc05	RETURN
0xc38	RETURN
0xc69	RETURN
0xc9a	RETURN
0xcd5	RETURN
0x64b0x2ab	RETURN
0x64b0x39d	RETURN
0x64b0x469	RETURN
0x19f	REVERT
0x1d8	REVERT
0x1f0	REVERT
0x211	REVERT
0x238	REVERT
0x269	REVERT
0x295	REVERT
0x2b6	REVERT
0x2f2	REVERT
0x307	REVERT
0x31c	REVERT
0x331	REVERT
0x352	REVERT
0x387	REVERT
0x3a8	REVERT
0x3e4	REVERT
0x3f9	REVERT
0x40e	REVERT
0x42f	REVERT
0x459	REVERT
0x474	REVERT
0x48c	REVERT
0x4a1	REVERT
0x4e8	REVERT
0x509	REVERT
0x51e	REVERT
0x533	REVERT
0x548	REVERT
0x596	REVERT
0x5ed	REVERT
0x682	REVERT
0x6c6	REVERT
0x70b	REVERT
0x8240x18a	REVERT
0x8240x1cd	REVERT
0x8240x25e	REVERT
0x8240x424	REVERT
0x8240x44e	REVERT
0x8240x53d	REVERT
0x8480x2ab	REVERT
0x8480x39d	REVERT
0x8480x469	REVERT
0x5650x18a	CALLDATACOPY
0x5650x1cd	CALLDATACOPY
0x5650x25e	CALLDATACOPY
0x5650x424	CALLDATACOPY
0x5650x44e	CALLDATACOPY
0x5650x53d	CALLDATACOPY
0x6380x2ab	CALLDATACOPY
0x6380x39d	CALLDATACOPY
0x6380x469	CALLDATACOPY
0x1be	MSTORE
0x4be	MSTORE
0x4c6	MSTORE
0x4cd	MSTORE
0x4d2	MSTORE
0x75e	MSTORE
0x763	MSTORE
0x77b	MSTORE
0x780	MSTORE
0x7a2	MSTORE
0x7a7	MSTORE
0x8d2	MSTORE
0x90d	MSTORE
0x9c4	MSTORE
0x9f5	MSTORE
0xa30	MSTORE
0xa84	MSTORE
0xae0	MSTORE
0xb1b	MSTORE
0xb4e	MSTORE
0xbfb	MSTORE
0xc2e	MSTORE
0xc5f	MSTORE
0xc90	MSTORE
0xccb	MSTORE
0x5c4	SSTORE
0x61b	SSTORE
0x6b0	SSTORE
0x6f2	SSTORE
0x739	SSTORE
0xd39	CALLPRIVATE
0xd3c	CALLPRIVATE
0xd3f	CALLPRIVATE
0xd42	CALLPRIVATE
0xd45	CALLPRIVATE
0xd48	CALLPRIVATE
0xd4b	CALLPRIVATE
0xd4e	CALLPRIVATE
0xd51	CALLPRIVATE
0xd54	CALLPRIVATE
0xd57	CALLPRIVATE
0xd5a	CALLPRIVATE
0xd5d	CALLPRIVATE
0xd60	CALLPRIVATE
0xd63	CALLPRIVATE
0xd66	CALLPRIVATE
0xd69	CALLPRIVATE
0xd6c	CALLPRIVATE
0xd6f	CALLPRIVATE
0xd72	CALLPRIVATE
0xd75	CALLPRIVATE
0xd78	CALLPRIVATE
0xd7b	CALLPRIVATE
0xd7e	CALLPRIVATE
0xd81	CALLPRIVATE
0xd84	CALLPRIVATE
0xd87	CALLPRIVATE
0xd8a	CALLPRIVATE
0xd8d	CALLPRIVATE
0x1b8	THROW
0x7ddS0x584	JUMP
0x7ddS0x5db	JUMP
0x7ddS0x670	JUMP
0x7ddS0x6b2	JUMP
0x7ddS0x6f9	JUMP
