0x40	JUMPI
0x0	CONST
0x1f	SHR
0x4	MSTORE
0xf	REVERT
0x2	CONST
0x5	CALLVALUE
0x7	ISZERO
0x8	CONST
0xc	CONST
0x12	CONST
0x14	CALLDATASIZE
0x15	LT
0x1a	CONST
0x1c	CALLDATALOAD
0x1d	CONST
0x21	CONST
0x26	GT
0x27	CONST
0x2c	CONST
0x31	GT
0x32	CONST
0x37	CONST
0x3c	GT
0x3d	CONST
0x42	CONST
0x47	EQ
0x4d	CONST
0x52	EQ
0x58	CONST
0x5d	EQ
0x63	CONST
0x68	EQ
0x6d	CONST
0x73	CONST
0x78	EQ
0x7e	CONST
0x83	EQ
0x89	CONST
0x8e	EQ
0x93	CONST
0x99	CONST
0x9e	GT
0x9f	CONST
0xa4	CONST
0xa9	EQ
0xaf	CONST
0xb4	EQ
0xba	CONST
0xbf	EQ
0xc4	CONST
0xca	CONST
0xcf	EQ
0xd5	CONST
0xda	EQ
0xe0	CONST
0xe5	EQ
0xea	CONST
0xf0	CONST
0xf5	GT
0xf6	CONST
0xfb	CONST
0x100	GT
0x101	CONST
0x106	CONST
0x10b	EQ
0x111	CONST
0x116	EQ
0x11c	CONST
0x121	EQ
0x126	CONST
0x12c	CONST
0x131	EQ
0x137	CONST
0x13c	EQ
0x142	CONST
0x147	EQ
0x14c	CONST
0x152	CONST
0x157	GT
0x158	CONST
0x15d	CONST
0x162	EQ
0x168	CONST
0x16d	EQ
0x173	CONST
0x178	EQ
0x17d	CONST
0x183	CONST
0x188	EQ
0x18e	CONST
0x193	EQ
0x199	CONST
0x19e	EQ
0x1a4	CONST
0x1a9	CONST
0x1ac	CONST
0x1c3	CONST
0x1c6	CONST
0x1cb	CONST
0x1ce	CONST
0x1d1	CALLDATASIZE
0x1d2	SUB
0x1d3	CONST
0x1d6	LT
0x1d7	ISZERO
0x1d8	CONST
0x1dc	CONST
0x1e2	CALLDATALOAD
0x1e3	CONST
0x1ea	CONST
0x1ed	CONST
0x1f0	CALLDATASIZE
0x1f1	SUB
0x1f2	CONST
0x1f5	LT
0x1f6	ISZERO
0x1f7	CONST
0x1fb	CONST
0x201	CONST
0x217	CALLDATALOAD
0x218	AND
0x21a	CONST
0x21c	ADD
0x21d	CALLDATALOAD
0x21e	CONST
0x223	CONST
0x226	CONST
0x229	CALLDATASIZE
0x22a	SUB
0x22b	CONST
0x22e	LT
0x22f	ISZERO
0x230	CONST
0x234	CONST
0x239	CONST
0x24f	CALLDATALOAD
0x250	AND
0x252	CONST
0x255	ADD
0x256	CALLDATALOAD
0x258	CONST
0x25b	ADD
0x25c	CALLDATALOAD
0x260	ADD
0x262	CONST
0x265	ADD
0x266	CONST
0x269	ADD
0x26a	CALLDATALOAD
0x26b	CONST
0x272	GT
0x273	ISZERO
0x274	CONST
0x278	CONST
0x27e	ADD
0x280	CONST
0x283	ADD
0x284	GT
0x285	ISZERO
0x286	CONST
0x28a	CONST
0x290	CALLDATALOAD
0x292	CONST
0x294	ADD
0x297	CONST
0x29a	MUL
0x29c	ADD
0x29d	GT
0x29e	CONST
0x2a5	GT
0x2a6	OR
0x2a7	ISZERO
0x2a8	CONST
0x2ac	CONST
0x2b5	CONST
0x2b7	MUL
0x2b8	CONST
0x2ba	ADD
0x2bb	CONST
0x2bd	MLOAD
0x2c0	ADD
0x2c1	CONST
0x2cc	CONST
0x2ce	ADD
0x2d1	CONST
0x2d3	MUL
0x2d8	CONST
0x2db	ADD
0x2e4	CONST
0x303	CONST
0x306	CONST
0x309	CALLDATASIZE
0x30a	SUB
0x30b	CONST
0x30e	LT
0x30f	ISZERO
0x310	CONST
0x314	CONST
0x31a	CALLDATALOAD
0x31b	CONST
0x330	AND
0x331	CONST
0x336	CONST
0x339	CONST
0x367	CONST
0x36a	CONST
0x36d	CALLDATASIZE
0x36e	SUB
0x36f	CONST
0x372	LT
0x373	ISZERO
0x374	CONST
0x378	CONST
0x37e	CALLDATALOAD
0x37f	CONST
0x394	AND
0x395	CONST
0x39a	CONST
0x39d	CONST
0x3a0	CALLDATASIZE
0x3a1	SUB
0x3a2	CONST
0x3a5	LT
0x3a6	ISZERO
0x3a7	CONST
0x3ab	CONST
0x3b1	CALLDATALOAD
0x3b2	CONST
0x3b7	CONST
0x3ba	CONST
0x3bf	CONST
0x3c2	CONST
0x3c5	CALLDATASIZE
0x3c6	SUB
0x3c7	CONST
0x3ca	LT
0x3cb	ISZERO
0x3cc	CONST
0x3d0	CONST
0x3d6	CALLDATALOAD
0x3d8	CONST
0x3db	ADD
0x3dc	CALLDATALOAD
0x3df	ADD
0x3e1	CONST
0x3e4	ADD
0x3e5	CONST
0x3e8	ADD
0x3e9	CALLDATALOAD
0x3ea	CONST
0x3f1	GT
0x3f2	ISZERO
0x3f3	CONST
0x3f7	CONST
0x3fd	ADD
0x3ff	CONST
0x402	ADD
0x403	GT
0x404	ISZERO
0x405	CONST
0x409	CONST
0x40f	CALLDATALOAD
0x411	CONST
0x413	ADD
0x416	CONST
0x419	MUL
0x41b	ADD
0x41c	GT
0x41d	CONST
0x424	GT
0x425	OR
0x426	ISZERO
0x427	CONST
0x42b	CONST
0x434	CONST
0x436	MUL
0x437	CONST
0x439	ADD
0x43a	CONST
0x43c	MLOAD
0x43f	ADD
0x440	CONST
0x44b	CONST
0x44d	ADD
0x450	CONST
0x452	MUL
0x457	CONST
0x45a	ADD
0x463	CALLDATALOAD
0x465	CONST
0x468	ADD
0x469	CALLDATALOAD
0x470	CONST
0x473	ADD
0x476	CONST
0x478	ADD
0x479	CALLDATALOAD
0x47a	CONST
0x481	GT
0x482	ISZERO
0x483	CONST
0x487	CONST
0x48d	ADD
0x48f	CONST
0x492	ADD
0x493	GT
0x494	ISZERO
0x495	CONST
0x499	CONST
0x49f	CALLDATALOAD
0x4a1	CONST
0x4a3	ADD
0x4a6	CONST
0x4a9	MUL
0x4ab	ADD
0x4ac	GT
0x4ad	CONST
0x4b4	GT
0x4b5	OR
0x4b6	ISZERO
0x4b7	CONST
0x4bb	CONST
0x4c4	CONST
0x4c6	MUL
0x4c7	CONST
0x4c9	ADD
0x4ca	CONST
0x4cc	MLOAD
0x4cf	ADD
0x4d0	CONST
0x4db	CONST
0x4dd	ADD
0x4e0	CONST
0x4e2	MUL
0x4e7	CONST
0x4ea	ADD
0x4f3	CONST
0x4fe	CONST
0x501	CONST
0x506	CONST
0x509	CONST
0x50e	CONST
0x511	CONST
0x514	CALLDATASIZE
0x515	SUB
0x516	CONST
0x519	LT
0x51a	ISZERO
0x51b	CONST
0x51f	CONST
0x525	ADD
0x527	CONST
0x52a	ADD
0x52c	CALLDATALOAD
0x52d	CONST
0x534	GT
0x535	ISZERO
0x536	CONST
0x53a	CONST
0x540	ADD
0x542	CONST
0x545	ADD
0x546	GT
0x547	ISZERO
0x548	CONST
0x54c	CONST
0x552	CALLDATALOAD
0x554	CONST
0x556	ADD
0x559	CONST
0x55c	MUL
0x55e	ADD
0x55f	GT
0x560	CONST
0x567	GT
0x568	OR
0x569	ISZERO
0x56a	CONST
0x56e	CONST
0x577	CONST
0x579	MUL
0x57a	CONST
0x57c	ADD
0x57d	CONST
0x57f	MLOAD
0x582	ADD
0x583	CONST
0x58e	CONST
0x590	ADD
0x593	CONST
0x595	MUL
0x59a	CONST
0x59d	ADD
0x5a6	CONST
0x5b1	CONST
0x5b4	CONST
0x5b7	CALLDATASIZE
0x5b8	SUB
0x5b9	CONST
0x5bc	LT
0x5bd	ISZERO
0x5be	CONST
0x5c2	CONST
0x5c8	ADD
0x5ca	CONST
0x5cd	ADD
0x5cf	CALLDATALOAD
0x5d0	CONST
0x5d7	GT
0x5d8	ISZERO
0x5d9	CONST
0x5dd	CONST
0x5e3	ADD
0x5e5	CONST
0x5e8	ADD
0x5e9	GT
0x5ea	ISZERO
0x5eb	CONST
0x5ef	CONST
0x5f5	CALLDATALOAD
0x5f7	CONST
0x5f9	ADD
0x5fc	CONST
0x5ff	MUL
0x601	ADD
0x602	GT
0x603	CONST
0x60a	GT
0x60b	OR
0x60c	ISZERO
0x60d	CONST
0x611	CONST
0x61a	CONST
0x61c	MUL
0x61d	CONST
0x61f	ADD
0x620	CONST
0x622	MLOAD
0x625	ADD
0x626	CONST
0x631	CONST
0x633	ADD
0x636	CONST
0x638	MUL
0x63d	CONST
0x640	ADD
0x649	CONST
0x654	CONST
0x657	CONST
0x65a	CALLDATASIZE
0x65b	SUB
0x65c	CONST
0x65f	LT
0x660	ISZERO
0x661	CONST
0x665	CONST
0x66c	CALLDATALOAD
0x66e	CONST
0x670	ADD
0x671	CALLDATALOAD
0x672	CONST
0x677	CONST
0x67a	CONST
0x67f	CONST
0x682	CONST
0x685	CALLDATASIZE
0x686	SUB
0x687	CONST
0x68a	LT
0x68b	ISZERO
0x68c	CONST
0x690	CONST
0x695	CONST
0x6ab	CALLDATALOAD
0x6ac	AND
0x6ae	CONST
0x6b1	ADD
0x6b2	CALLDATALOAD
0x6b4	CONST
0x6b7	ADD
0x6b8	CALLDATALOAD
0x6bc	ADD
0x6be	CONST
0x6c1	ADD
0x6c2	CONST
0x6c5	ADD
0x6c6	CALLDATALOAD
0x6c7	CONST
0x6ce	GT
0x6cf	ISZERO
0x6d0	CONST
0x6d4	CONST
0x6da	ADD
0x6dc	CONST
0x6df	ADD
0x6e0	GT
0x6e1	ISZERO
0x6e2	CONST
0x6e6	CONST
0x6ec	CALLDATALOAD
0x6ee	CONST
0x6f0	ADD
0x6f3	CONST
0x6f6	MUL
0x6f8	ADD
0x6f9	GT
0x6fa	CONST
0x701	GT
0x702	OR
0x703	ISZERO
0x704	CONST
0x708	CONST
0x711	CONST
0x713	MUL
0x714	CONST
0x716	ADD
0x717	CONST
0x719	MLOAD
0x71c	ADD
0x71d	CONST
0x728	CONST
0x72a	ADD
0x72d	CONST
0x72f	MUL
0x734	CONST
0x737	ADD
0x740	CONST
0x74b	CONST
0x74e	CONST
0x751	CALLDATASIZE
0x752	SUB
0x753	CONST
0x756	LT
0x757	ISZERO
0x758	CONST
0x75c	CONST
0x762	CALLDATALOAD
0x764	CONST
0x767	ADD
0x768	CALLDATALOAD
0x76a	CONST
0x76d	ADD
0x76e	CALLDATALOAD
0x772	ADD
0x774	CONST
0x777	ADD
0x778	CONST
0x77b	ADD
0x77c	CALLDATALOAD
0x77d	CONST
0x784	GT
0x785	ISZERO
0x786	CONST
0x78a	CONST
0x790	ADD
0x792	CONST
0x795	ADD
0x796	GT
0x797	ISZERO
0x798	CONST
0x79c	CONST
0x7a2	CALLDATALOAD
0x7a4	CONST
0x7a6	ADD
0x7a9	CONST
0x7ac	MUL
0x7ae	ADD
0x7af	GT
0x7b0	CONST
0x7b7	GT
0x7b8	OR
0x7b9	ISZERO
0x7ba	CONST
0x7be	CONST
0x7c7	CONST
0x7c9	MUL
0x7ca	CONST
0x7cc	ADD
0x7cd	CONST
0x7cf	MLOAD
0x7d2	ADD
0x7d3	CONST
0x7de	CONST
0x7e0	ADD
0x7e3	CONST
0x7e5	MUL
0x7ea	CONST
0x7ed	ADD
0x7f6	CONST
0x801	CONST
0x804	CONST
0x807	CALLDATASIZE
0x808	SUB
0x809	CONST
0x80c	LT
0x80d	ISZERO
0x80e	CONST
0x812	CONST
0x818	CONST
0x82e	CALLDATALOAD
0x830	AND
0x832	CONST
0x835	ADD
0x836	CALLDATALOAD
0x838	AND
0x83a	CONST
0x83e	ADD
0x83f	CALLDATALOAD
0x840	AND
0x841	CONST
0x846	CONST
0x849	CONST
0x84e	CONST
0x851	CONST
0x854	CALLDATASIZE
0x855	SUB
0x856	CONST
0x859	LT
0x85a	ISZERO
0x85b	CONST
0x85f	CONST
0x865	CALLDATALOAD
0x866	CONST
0x86b	CONST
0x86e	CONST
0x873	CONST
0x876	CONST
0x87b	CONST
0x87e	CONST
0x881	CALLDATASIZE
0x882	SUB
0x883	CONST
0x886	LT
0x887	ISZERO
0x888	CONST
0x88c	CONST
0x892	CALLDATALOAD
0x893	CONST
0x8a8	AND
0x8a9	CONST
0x8ae	CONST
0x8b0	SLOAD
0x8b4	CONST
0x8b6	SLOAD
0x8ba	CONST
0x8bd	CONST
0x8c2	CONST
0x8c4	SLOAD
0x8c5	CONST
0x8dc	AND
0x8de	AND
0x8df	EQ
0x8e0	CONST
0x8e4	CONST
0x8e7	MLOAD
0x8e8	CONST
0x90b	CONST
0x90d	CONST
0x910	ADD
0x914	CONST
0x917	ADD
0x919	CONST
0x93a	CONST
0x93d	ADD
0x940	MLOAD
0x944	SUB
0x945	CONST
0x947	ADD
0x94b	CONST
0x950	CONST
0x952	CONST
0x956	CONST
0x959	CONST
0x95b	CONST
0x95d	SHA3
0x95f	CONST
0x962	LT
0x963	CONST
0x969	ADD
0x96a	SLOAD
0x972	CONST
0x976	MLOAD
0x977	GT
0x978	CONST
0xacb	CONST
0xace	CONST
0xad3	CONST
0xad5	SLOAD
0xad6	CONST
0xaed	AND
0xaef	AND
0xaf0	EQ
0xaf1	CONST
0xaf5	CONST
0xaf8	MLOAD
0xaf9	CONST
0xb1c	CONST
0xb1e	CONST
0xb21	ADD
0xb25	CONST
0xb28	ADD
0xb2a	CONST
0xb4b	CONST
0xb4e	ADD
0xb51	MLOAD
0xb55	SUB
0xb56	CONST
0xb58	ADD
0xb5c	CONST
0xb72	AND
0xb73	CONST
0xb77	CONST
0xb7a	MLOAD
0xb7b	CONST
0xb9e	CONST
0xba0	CONST
0xba3	ADD
0xba5	CONST
0xba7	CONST
0xbaa	ADD
0xbac	CONST
0xbcd	CONST
0xbd0	ADD
0xbd3	MLOAD
0xbd7	SUB
0xbd8	CONST
0xbda	ADD
0xbde	CONST
0xbe0	SLOAD
0xbe1	CONST
0xbe4	MLOAD
0xbe5	CONST
0xc08	ADDRESS
0xc09	CONST
0xc0c	ADD
0xc0f	MLOAD
0xc10	CONST
0xc13	CONST
0xc28	AND
0xc2a	CONST
0xc30	CONST
0xc34	ADD
0xc36	CONST
0xc3d	SUB
0xc3e	ADD
0xc42	EXTCODESIZE
0xc43	ISZERO
0xc45	ISZERO
0xc46	CONST
0xc4a	CONST
0xc50	GAS
0xc51	STATICCALL
0xc52	ISZERO
0xc54	ISZERO
0xc55	CONST
0xc59	RETURNDATASIZE
0xc5a	CONST
0xc5e	RETURNDATASIZE
0xc5f	CONST
0xc67	CONST
0xc69	MLOAD
0xc6a	RETURNDATASIZE
0xc6b	CONST
0xc6e	LT
0xc6f	ISZERO
0xc70	CONST
0xc74	CONST
0xc7a	MLOAD
0xc7e	CONST
0xc82	CONST
0xc85	MLOAD
0xc86	CONST
0xca9	CONST
0xcab	CONST
0xcae	ADD
0xcb0	CONST
0xcb2	CONST
0xcb5	ADD
0xcb7	CONST
0xcd8	CONST
0xcdb	ADD
0xcde	MLOAD
0xce2	SUB
0xce3	CONST
0xce5	ADD
0xce9	CONST
0xceb	SLOAD
0xcec	CONST
0xcf0	CONST
0xd05	AND
0xd08	CONST
0xd11	CONST
0xd13	SLOAD
0xd14	CONST
0xd29	AND
0xd2d	CONST
0xd42	AND
0xd43	CONST
0xd48	CONST
0xd4a	CONST
0xd4d	CONST
0xd50	SHA3
0xd51	CONST
0xd54	ADD
0xd55	SLOAD
0xd57	SLOAD
0xd58	ADD
0xd5c	CONST
0xd60	SLOAD
0xd62	LT
0xd63	CONST
0xd7a	CONST
0xd7d	CONST
0xd82	CONST
0xd84	SLOAD
0xd85	CONST
0xd9c	AND
0xd9e	AND
0xd9f	EQ
0xda0	CONST
0xda4	CONST
0xda7	MLOAD
0xda8	CONST
0xdcb	CONST
0xdcd	CONST
0xdd0	ADD
0xdd4	CONST
0xdd7	ADD
0xdd9	CONST
0xdfa	CONST
0xdfd	ADD
0xe00	MLOAD
0xe04	SUB
0xe05	CONST
0xe07	ADD
0xe0b	CONST
0xe0d	SLOAD
0xe0e	CONST
0xe10	MLOAD
0xe11	CONST
0xe14	CONST
0xe29	AND
0xe2b	CONST
0xe50	CONST
0xe53	SLOAD
0xe54	CONST
0xe75	AND
0xe7a	CONST
0xe7c	CONST
0xe7e	SLOAD
0xe7f	EQ
0xe80	ISZERO
0xe81	CONST
0xe85	CONST
0xe88	MLOAD
0xe89	CONST
0xeac	CONST
0xeae	CONST
0xeb1	ADD
0xeb3	CONST
0xeb5	CONST
0xeb8	ADD
0xeba	CONST
0xedb	CONST
0xede	ADD
0xee1	MLOAD
0xee5	SUB
0xee6	CONST
0xee8	ADD
0xeec	CONST
0xeee	CONST
0xef1	CONST
0xef3	SLOAD
0xef4	CONST
0xef8	CONST
0xefb	MLOAD
0xefc	CONST
0xf1f	CONST
0xf21	CONST
0xf24	ADD
0xf26	CONST
0xf28	CONST
0xf2b	ADD
0xf2d	CONST
0xf4e	CONST
0xf51	ADD
0xf54	MLOAD
0xf58	SUB
0xf59	CONST
0xf5b	ADD
0xf5f	CONST
0xf61	SLOAD
0xf62	CONST
0xf64	AND
0xf65	CONST
0xf69	CONST
0xf6c	MLOAD
0xf6d	CONST
0xf90	CONST
0xf92	CONST
0xf95	ADD
0xf97	CONST
0xf99	CONST
0xf9c	ADD
0xf9e	CONST
0xfbf	CONST
0xfc2	ADD
0xfc5	MLOAD
0xfc9	SUB
0xfca	CONST
0xfcc	ADD
0xfd0	CONST
0xfd3	CONST
0xfd6	CONST
0xfde	CONST
0xfe3	CONST
0xfe7	CONST
0xfea	MLOAD
0xfeb	CONST
0x100e	CONST
0x1010	CONST
0x1013	ADD
0x1015	CONST
0x1017	CONST
0x101a	ADD
0x101c	CONST
0x103d	CONST
0x1040	ADD
0x1043	MLOAD
0x1047	SUB
0x1048	CONST
0x104a	ADD
0x104e	CONST
0x1051	CONST
0x1054	CONST
0x105c	CONST
0x1061	CONST
0x1065	CONST
0x1068	MLOAD
0x1069	CONST
0x108c	CONST
0x108e	CONST
0x1091	ADD
0x1093	CONST
0x1095	CONST
0x1098	ADD
0x109a	CONST
0x10bb	CONST
0x10be	ADD
0x10c1	MLOAD
0x10c5	SUB
0x10c6	CONST
0x10c8	ADD
0x10cc	CONST
0x10ce	CONST
0x10d3	CONST
0x10da	CONST
0x10df	CONST
0x10e1	CONST
0x10e8	CONST
0x10ea	CONST
0x10f4	CONST
0x10f6	SLOAD
0x10f7	CONST
0x110c	AND
0x1110	CONST
0x1112	SLOAD
0x1113	CONST
0x1128	AND
0x112c	CONST
0x112f	CONST
0x1134	CONST
0x1136	SLOAD
0x1137	CONST
0x114e	AND
0x1150	AND
0x1151	EQ
0x1152	CONST
0x1156	CONST
0x1159	MLOAD
0x115a	CONST
0x117d	CONST
0x117f	CONST
0x1182	ADD
0x1186	CONST
0x1189	ADD
0x118b	CONST
0x11ac	CONST
0x11af	ADD
0x11b2	MLOAD
0x11b6	SUB
0x11b7	CONST
0x11b9	ADD
0x11bd	CONST
0x11c0	MLOAD
0x11c1	GT
0x11c2	CONST
0x11c6	CONST
0x11c9	MLOAD
0x11ca	CONST
0x11ed	CONST
0x11ef	CONST
0x11f2	ADD
0x11f4	CONST
0x11f6	CONST
0x11f9	ADD
0x11fb	CONST
0x121c	CONST
0x121f	ADD
0x1222	MLOAD
0x1226	SUB
0x1227	CONST
0x1229	ADD
0x122d	CONST
0x122f	SLOAD
0x1230	ISZERO
0x1231	CONST
0x1235	CONST
0x1238	CONST
0x123a	CONST
0x123c	CONST
0x1242	MLOAD
0x1243	CONST
0x124d	GT
0x124f	ISZERO
0x1250	CONST
0x1254	CONST
0x125a	CONST
0x125c	MLOAD
0x1262	CONST
0x1264	MUL
0x1265	CONST
0x1267	ADD
0x1269	ADD
0x126a	CONST
0x126e	ISZERO
0x126f	CONST
0x1274	CONST
0x1276	ADD
0x1277	CONST
0x127a	MUL
0x127c	CALLDATASIZE
0x127f	ADD
0x1285	MLOAD
0x1286	CONST
0x128a	CONST
0x128d	CONST
0x1291	ADD
0x1293	CONST
0x129a	MLOAD
0x129b	CONST
0x129f	CONST
0x12a2	CONST
0x12a5	ADD
0x12a7	CONST
0x12ac	CONST
0x12af	CONST
0x12b4	CONST
0x12b6	SLOAD
0x12b7	CONST
0x12ce	AND
0x12d0	AND
0x12d1	EQ
0x12d2	CONST
0x12d6	CONST
0x12d9	MLOAD
0x12da	CONST
0x12fd	CONST
0x12ff	CONST
0x1302	ADD
0x1306	CONST
0x1309	ADD
0x130b	CONST
0x132c	CONST
0x132f	ADD
0x1332	MLOAD
0x1336	SUB
0x1337	CONST
0x1339	ADD
0x133d	CONST
0x1340	MLOAD
0x1341	GT
0x1342	CONST
0x1346	CONST
0x1349	MLOAD
0x134a	CONST
0x136d	CONST
0x136f	CONST
0x1372	ADD
0x1374	CONST
0x1376	CONST
0x1379	ADD
0x137b	CONST
0x139c	CONST
0x139f	ADD
0x13a2	MLOAD
0x13a6	SUB
0x13a7	CONST
0x13a9	ADD
0x13ad	CONST
0x13af	SLOAD
0x13b0	ISZERO
0x13b1	CONST
0x13b5	CONST
0x13b8	CONST
0x13ba	CONST
0x13bc	CONST
0x13c2	MLOAD
0x13c3	CONST
0x13cd	GT
0x13cf	ISZERO
0x13d0	CONST
0x13d4	CONST
0x13da	CONST
0x13dc	MLOAD
0x13e2	CONST
0x13e4	MUL
0x13e5	CONST
0x13e7	ADD
0x13e9	ADD
0x13ea	CONST
0x13ee	ISZERO
0x13ef	CONST
0x13f4	CONST
0x13f6	ADD
0x13f7	CONST
0x13fa	MUL
0x13fc	CALLDATASIZE
0x13ff	ADD
0x1405	MLOAD
0x1406	CONST
0x140a	CONST
0x140d	CONST
0x1411	ADD
0x1413	CONST
0x141a	MLOAD
0x141b	CONST
0x141f	CONST
0x1422	CONST
0x1425	ADD
0x1427	CONST
0x142c	CONST
0x142f	CONST
0x1434	CONST
0x1436	SLOAD
0x1437	CONST
0x144e	AND
0x1450	AND
0x1451	EQ
0x1452	CONST
0x1456	CONST
0x1459	MLOAD
0x145a	CONST
0x147d	CONST
0x147f	CONST
0x1482	ADD
0x1486	CONST
0x1489	ADD
0x148b	CONST
0x14ac	CONST
0x14af	ADD
0x14b2	MLOAD
0x14b6	SUB
0x14b7	CONST
0x14b9	ADD
0x14bd	CONST
0x14c0	GT
0x14c1	CONST
0x14c5	CONST
0x14c8	MLOAD
0x14c9	CONST
0x14ec	CONST
0x14ee	CONST
0x14f1	ADD
0x14f3	CONST
0x14f5	CONST
0x14f8	ADD
0x14fa	CONST
0x151b	CONST
0x151e	ADD
0x1521	MLOAD
0x1525	SUB
0x1526	CONST
0x1528	ADD
0x152c	CONST
0x1532	CONST
0x1537	CONST
0x1539	SLOAD
0x153a	CONST
0x154f	AND
0x1691	CONST
0x1693	CONST
0x1695	SLOAD
0x1696	EQ
0x1697	ISZERO
0x1698	CONST
0x169c	CONST
0x169f	MLOAD
0x16a0	CONST
0x16c3	CONST
0x16c5	CONST
0x16c8	ADD
0x16ca	CONST
0x16cc	CONST
0x16cf	ADD
0x16d1	CONST
0x16f2	CONST
0x16f5	ADD
0x16f8	MLOAD
0x16fc	SUB
0x16fd	CONST
0x16ff	ADD
0x1703	CONST
0x1705	CONST
0x1708	CONST
0x170a	SLOAD
0x170b	CONST
0x170f	CONST
0x1712	MLOAD
0x1713	CONST
0x1736	CONST
0x1738	CONST
0x173b	ADD
0x173d	CONST
0x173f	CONST
0x1742	ADD
0x1744	CONST
0x1765	CONST
0x1768	ADD
0x176b	MLOAD
0x176f	SUB
0x1770	CONST
0x1772	ADD
0x1776	CONST
0x1778	SLOAD
0x1779	CONST
0x177b	AND
0x177c	CONST
0x1780	CONST
0x1783	MLOAD
0x1784	CONST
0x17a7	CONST
0x17a9	CONST
0x17ac	ADD
0x17ae	CONST
0x17b0	CONST
0x17b3	ADD
0x17b5	CONST
0x17d6	CONST
0x17d9	ADD
0x17dc	MLOAD
0x17e0	SUB
0x17e1	CONST
0x17e3	ADD
0x17e8	CONST
0x17eb	GT
0x17ed	ISZERO
0x17ee	CONST
0x17f3	CONST
0x17f5	SLOAD
0x17f7	LT
0x17f8	ISZERO
0x17fa	CONST
0x17fe	CONST
0x1801	MLOAD
0x1802	CONST
0x1825	CONST
0x1827	CONST
0x182a	ADD
0x182c	CONST
0x182e	CONST
0x1831	ADD
0x1833	CONST
0x1854	CONST
0x1857	ADD
0x185a	MLOAD
0x185e	SUB
0x185f	CONST
0x1861	ADD
0x1865	CONST
0x1868	CONST
0x186b	CONST
0x1873	CONST
0x1878	CONST
0x187c	CONST
0x187f	MLOAD
0x1880	CONST
0x18a3	CONST
0x18a5	CONST
0x18a8	ADD
0x18aa	CONST
0x18ac	CONST
0x18af	ADD
0x18b1	CONST
0x18d2	CONST
0x18d5	ADD
0x18d8	MLOAD
0x18dc	SUB
0x18dd	CONST
0x18df	ADD
0x18e3	CONST
0x18e6	CONST
0x18e9	CONST
0x18ee	CONST
0x18f0	SLOAD
0x18f1	CONST
0x1906	AND
0x1908	ADDRESS
0x190a	CONST
0x190f	CONST
0x1914	CONST
0x1916	CONST
0x191d	CONST
0x191f	CONST
0x1927	CONST
0x1929	SLOAD
0x192a	CONST
0x192e	DIV
0x192f	CONST
0x1931	AND
0x1933	CONST
0x1938	CONST
0x193b	CONST
0x1941	CONST
0x1946	CONST
0x1948	SLOAD
0x1949	CONST
0x194b	AND
0x194c	ISZERO
0x194e	CONST
0x1952	CONST
0x1954	MLOAD
0x1955	CONST
0x1978	CONST
0x197a	ADD
0x197d	CONST
0x197f	ADD
0x1982	SUB
0x1985	CONST
0x1989	CONST
0x198b	ADD
0x198d	CONST
0x1990	CONST
0x1994	CONST
0x1996	ADD
0x199a	CONST
0x199c	MLOAD
0x199f	SUB
0x19a3	CONST
0x19a5	SLOAD
0x19a6	CONST
0x19aa	DIV
0x19ab	CONST
0x19ad	AND
0x19ae	ISZERO
0x19b0	ISZERO
0x19b1	CONST
0x19b5	CONST
0x19b8	SLOAD
0x19b9	CONST
0x19da	CONST
0x19fd	AND
0x19fe	CONST
0x1a01	OR
0x1a02	AND
0x1a03	CONST
0x1a05	OR
0x1a09	CONST
0x1a1f	AND
0x1a20	CONST
0x1a24	CONST
0x1a27	MLOAD
0x1a28	CONST
0x1a4b	CONST
0x1a4d	CONST
0x1a50	ADD
0x1a52	CONST
0x1a54	CONST
0x1a57	ADD
0x1a59	CONST
0x1a7a	CONST
0x1a7d	ADD
0x1a80	MLOAD
0x1a84	SUB
0x1a85	CONST
0x1a87	ADD
0x1a8b	CONST
0x1aa1	AND
0x1aa2	CONST
0x1aa6	CONST
0x1aa9	MLOAD
0x1aaa	CONST
0x1acd	CONST
0x1acf	CONST
0x1ad2	ADD
0x1ad4	CONST
0x1ad6	CONST
0x1ad9	ADD
0x1adb	CONST
0x1afc	CONST
0x1aff	ADD
0x1b02	MLOAD
0x1b06	SUB
0x1b07	CONST
0x1b09	ADD
0x1b0d	CONST
0x1b23	AND
0x1b24	CONST
0x1b28	CONST
0x1b2b	MLOAD
0x1b2c	CONST
0x1b4f	CONST
0x1b51	CONST
0x1b54	ADD
0x1b56	CONST
0x1b58	CONST
0x1b5b	ADD
0x1b5d	CONST
0x1b7e	CONST
0x1b81	ADD
0x1b84	MLOAD
0x1b88	SUB
0x1b89	CONST
0x1b8b	ADD
0x1b8f	CONST
0x1b92	CONST
0x1b97	CONST
0x1b9a	SLOAD
0x1b9b	CONST
0x1bb2	AND
0x1bb3	CONST
0x1bd6	AND
0x1bd7	OR
0x1bdb	CONST
0x1bde	SLOAD
0x1be1	AND
0x1be4	AND
0x1be5	OR
0x1be8	CONST
0x1beb	SLOAD
0x1bee	AND
0x1bf2	AND
0x1bf6	OR
0x1bf9	CONST
0x1bfc	SLOAD
0x1bfd	CONST
0x1c1e	AND
0x1c1f	CONST
0x1c21	OR
0x1c25	ISZERO
0x1c26	CONST
0x1c2a	CONST
0x1c2d	SLOAD
0x1c2e	CONST
0x1c4f	AND
0x1c59	CONST
0x1c5b	SLOAD
0x1c5c	CONST
0x1c5e	AND
0x1c62	CONST
0x1c66	SLOAD
0x1c68	LT
0x1c69	CONST
0x1c6f	CONST
0x1c72	CONST
0x1c77	CONST
0x1c79	SLOAD
0x1c7a	CONST
0x1c91	AND
0x1c93	AND
0x1c94	EQ
0x1c95	CONST
0x1c99	CONST
0x1c9c	MLOAD
0x1c9d	CONST
0x1cc0	CONST
0x1cc2	CONST
0x1cc5	ADD
0x1cc9	CONST
0x1ccc	ADD
0x1cce	CONST
0x1cef	CONST
0x1cf2	ADD
0x1cf5	MLOAD
0x1cf9	SUB
0x1cfa	CONST
0x1cfc	ADD
0x1d00	CONST
0x1d03	SLOAD
0x1d04	CONST
0x1d26	AND
0x1d27	CONST
0x1d2b	AND
0x1d2c	ISZERO
0x1d2d	OR
0x1d32	CONST
0x1d34	SLOAD
0x1d38	CONST
0x1d3b	CONST
0x1d40	CONST
0x1d42	SLOAD
0x1d43	CONST
0x1d5a	AND
0x1d5c	AND
0x1d5d	EQ
0x1d5e	CONST
0x1d62	CONST
0x1d65	MLOAD
0x1d66	CONST
0x1d89	CONST
0x1d8b	CONST
0x1d8e	ADD
0x1d92	CONST
0x1d95	ADD
0x1d97	CONST
0x1db8	CONST
0x1dbb	ADD
0x1dbe	MLOAD
0x1dc2	SUB
0x1dc3	CONST
0x1dc5	ADD
0x1dc9	CONST
0x1ddf	AND
0x1de0	CONST
0x1de4	CONST
0x1de6	MLOAD
0x1de7	CONST
0x1e0a	CONST
0x1e0c	ADD
0x1e0f	CONST
0x1e11	ADD
0x1e14	SUB
0x1e17	CONST
0x1e1b	CONST
0x1e1d	ADD
0x1e1f	CONST
0x1e22	CONST
0x1e26	CONST
0x1e28	ADD
0x1e2c	CONST
0x1e2e	MLOAD
0x1e31	SUB
0x1e35	CONST
0x1e37	SLOAD
0x1e38	CONST
0x1e3a	MLOAD
0x1e3b	CONST
0x1e52	AND
0x1e54	AND
0x1e56	CONST
0x1e78	CONST
0x1e7c	CONST
0x1e7f	SLOAD
0x1e80	CONST
0x1ea1	AND
0x1ea2	CONST
0x1eba	AND
0x1ebe	OR
0x2f6e	CONST
0x2f92	CONST
0x2fb6	CONST
0x2fda	CONST
0x2ffe	CONST
0x3022	CONST
0x3046	CONST
0x306a	CONST
0x308e	CONST
0x3091	MLOAD
0x3095	MLOAD
0x3099	SUB
0x309a	CONST
0x309c	ADD
0x30bf	CONST
0x30c2	MLOAD
0x30c6	MLOAD
0x30ca	SUB
0x30cb	CONST
0x30cd	ADD
0x3111	CONST
0x3114	MLOAD
0x3118	MLOAD
0x311c	SUB
0x311d	CONST
0x311f	ADD
0x3142	CONST
0x3145	MLOAD
0x3147	ISZERO
0x3148	ISZERO
0x314b	MLOAD
0x314f	SUB
0x3150	CONST
0x3152	ADD
0x3196	CONST
0x3199	MLOAD
0x319a	CONST
0x31b1	AND
0x31b4	MLOAD
0x31b8	SUB
0x31b9	CONST
0x31bb	ADD
0x31de	CONST
0x31e1	MLOAD
0x31e5	MLOAD
0x31e9	SUB
0x31ea	CONST
0x31ec	ADD
0x320f	CONST
0x3212	MLOAD
0x3216	MLOAD
0x321a	SUB
0x321b	CONST
0x321d	ADD
0x3282	CONST
0x3285	MLOAD
0x3286	CONST
0x329d	AND
0x32a0	MLOAD
0x32a4	SUB
0x32a5	CONST
0x32a7	ADD
0x32ca	CONST
0x32cd	MLOAD
0x32ce	CONST
0x32e5	AND
0x32e8	MLOAD
0x32ec	SUB
0x32ed	CONST
0x32ef	ADD
0x3375	CONST
0x3378	MLOAD
0x3379	CONST
0x3390	AND
0x3393	MLOAD
0x3397	SUB
0x3398	CONST
0x339a	ADD
0x33bd	CONST
0x33c0	MLOAD
0x33c2	ISZERO
0x33c3	ISZERO
0x33c6	MLOAD
0x33ca	SUB
0x33cb	CONST
0x33cd	ADD
0x3432	CONST
0x3435	MLOAD
0x3437	ISZERO
0x3438	ISZERO
0x343b	MLOAD
0x343f	SUB
0x3440	CONST
0x3442	ADD
0x3465	CONST
0x3468	MLOAD
0x346c	MLOAD
0x3470	SUB
0x3471	CONST
0x3473	ADD
0x34b7	CONST
0x34ba	MLOAD
0x34be	MLOAD
0x34c2	SUB
0x34c3	CONST
0x34c5	ADD
0x3555	CONST
0x355a	CONST
0x355e	SHA3
0x355f	ADD
0x3560	SLOAD
0x3619	CONST
0x361e	CONST
0x3622	SHA3
0x3623	ADD
0x3624	SLOAD
0x3788	CONST
0x378a	CONST
0x378c	CONST
0x378e	CONST
0x3790	CONST
0x3792	CONST
0x3794	CONST
0x3796	CONST
0x3798	CONST
0x379a	CONST
0x379c	CONST
0x379e	CONST
0x37a0	CONST
0x37a2	CONST
0x37a4	CONST
0x37a6	CONST
0x37a8	CONST
0x37aa	CONST
0x37ac	CONST
0x37ae	CONST
0x37b0	CONST
0x37b2	CONST
0x37b4	CONST
0x37b6	CONST
0x37b8	CONST
0x37ba	CONST
0x37bd	CONST
0x37c0	CONST
0x37c3	CONST
0x37c6	CONST
0x37c9	CONST
0x37cc	CONST
0x37cf	CONST
0x37d2	CONST
0x37d5	CONST
0x37d8	CONST
0x37db	CONST
0x37de	CONST
0x37e1	CONST
0x37e4	CONST
0x37e7	CONST
0x37ea	CONST
0x37ed	CONST
0x37f0	CONST
0x37f3	CONST
0x37f6	CONST
0x37f9	CONST
0x37fc	CONST
0x37ff	CONST
0x3802	CONST
0x3805	CONST
0x3808	CONST
0xfe1	CALLPRIVATE
0x1876	CALLPRIVATE
0x1f600x222	CONST
0x1f600x67e	CONST
0x1f600x971	CONST
0x1f250x222	CONST
0x1f250x67e	CONST
0x1f250x971	CONST
0x1ef00x222	CONST
0x1ef00x67e	CONST
0x1ef00x971	CONST
0x1edd0x222	CONST
0x1edd0x67e	CONST
0x1edd0x971	CONST
0x1ed10x222	CONST
0x1ed10x67e	CONST
0x1ed10x971	CONST
0x168b0x67e	CONST
0x16800x67e	CONST
0x15c90x67e	CONST
0x15590x67e	CONST
0xabc0x222	CONST
0xabc0x67e	CONST
0xabc0x971	CONST
0xaaa0x222	CONST
0xaaa0x971	CONST
0xa9f0x222	CONST
0xa9f0x971	CONST
0x9e80x222	CONST
0x9e80x971	CONST
0x9780x222	CONST
0x17f9_0x0	PHI
0x193f_0x0	PHI
0x194d_0x0	PHI
0x1ecb0x222_0x0	PHI
0x1ecb0x67e_0x0	PHI
0x1ecb0x971_0x0	PHI
0x1ed50x222_0x0	PHI
0x1ed50x67e_0x0	PHI
0x1ed50x971_0x0	PHI
0x1ee20x222_0x0	PHI
0x1ee20x222_0x4	PHI
0x1ee20x67e_0x0	PHI
0x1ee20x67e_0x4	PHI
0x1ee20x971_0x0	PHI
0x1ee20x971_0x4	PHI
0x1ef40x222_0x2	PHI
0x1ef40x67e_0x2	PHI
0x1ef40x971_0x2	PHI
0x1f290x222_0x2	PHI
0x1f290x67e_0x2	PHI
0x1f290x971_0x2	PHI
0x1f5b0x222_0x1	PHI
0x1f5b0x67e_0x1	PHI
0x1f5b0x971_0x1	PHI
0x1f640x222_0x1	PHI
0x1f640x67e_0x1	PHI
0x1f640x971_0x1	PHI
0x1f670x222	EQ
0x1f670x67e	EQ
0x1f670x971	EQ
0x1f5f0x222	ADD
0x1f5f0x67e	ADD
0x1f5f0x971	ADD
0x1f5d0x222	CONST
0x1f5d0x67e	CONST
0x1f5d0x971	CONST
0x1f580x222	SHA3
0x1f580x67e	SHA3
0x1f580x971	SHA3
0x1f570x222	ADD
0x1f570x67e	ADD
0x1f570x971	ADD
0x1f550x222	CONST
0x1f550x67e	CONST
0x1f550x971	CONST
0x1f530x222	MLOAD
0x1f530x67e	MLOAD
0x1f530x971	MLOAD
0x1f4f0x222	CONST
0x1f4f0x67e	CONST
0x1f4f0x971	CONST
0x1f4b0x222	SUB
0x1f4b0x67e	SUB
0x1f4b0x971	SUB
0x1f4a0x222	SUB
0x1f4a0x67e	SUB
0x1f4a0x971	SUB
0x1f460x222	CONST
0x1f460x67e	CONST
0x1f460x971	CONST
0x1f450x222	MLOAD
0x1f450x67e	MLOAD
0x1f450x971	MLOAD
0x1f430x222	CONST
0x1f430x67e	CONST
0x1f430x971	CONST
0x1f3e0x222	ADD
0x1f3e0x67e	ADD
0x1f3e0x971	ADD
0x1f3c0x222	CONST
0x1f3c0x67e	CONST
0x1f3c0x971	CONST
0x1f380x222	ADD
0x1f380x67e	ADD
0x1f380x971	ADD
0x1f360x222	CONST
0x1f360x67e	CONST
0x1f360x971	CONST
0x1f310x222	ADD
0x1f310x67e	ADD
0x1f310x971	ADD
0x1f2f0x222	CONST
0x1f2f0x67e	CONST
0x1f2f0x971	CONST
0x1f2e0x222	MLOAD
0x1f2e0x67e	MLOAD
0x1f2e0x971	MLOAD
0x1f2c0x222	CONST
0x1f2c0x67e	CONST
0x1f2c0x971	CONST
0x1f220x222	SHA3
0x1f220x67e	SHA3
0x1f220x971	SHA3
0x1f210x222	ADD
0x1f210x67e	ADD
0x1f210x971	ADD
0x1f1f0x222	CONST
0x1f1f0x67e	CONST
0x1f1f0x971	CONST
0x1f1d0x222	MLOAD
0x1f1d0x67e	MLOAD
0x1f1d0x971	MLOAD
0x1f190x222	CONST
0x1f190x67e	CONST
0x1f190x971	CONST
0x1f150x222	SUB
0x1f150x67e	SUB
0x1f150x971	SUB
0x1f140x222	SUB
0x1f140x67e	SUB
0x1f140x971	SUB
0x1f100x222	CONST
0x1f100x67e	CONST
0x1f100x971	CONST
0x1f0f0x222	MLOAD
0x1f0f0x67e	MLOAD
0x1f0f0x971	MLOAD
0x1f0d0x222	CONST
0x1f0d0x67e	CONST
0x1f0d0x971	CONST
0x1f080x222	ADD
0x1f080x67e	ADD
0x1f080x971	ADD
0x1f060x222	CONST
0x1f060x67e	CONST
0x1f060x971	CONST
0x1f020x222	ADD
0x1f020x67e	ADD
0x1f020x971	ADD
0x1f000x222	CONST
0x1f000x67e	CONST
0x1f000x971	CONST
0x1efb0x222	ADD
0x1efb0x67e	ADD
0x1efb0x971	ADD
0x1ef90x222	CONST
0x1ef90x67e	CONST
0x1ef90x971	CONST
0x1ef80x222	MLOAD
0x1ef80x67e	MLOAD
0x1ef80x971	MLOAD
0x1ef60x222	CONST
0x1ef60x67e	CONST
0x1ef60x971	CONST
0x1eef0x222	GT
0x1eef0x67e	GT
0x1eef0x971	GT
0x1eea0x222	MLOAD
0x1eea0x67e	MLOAD
0x1eea0x971	MLOAD
0x1ee90x222	ADD
0x1ee90x67e	ADD
0x1ee90x971	ADD
0x1ee80x222	ADD
0x1ee80x67e	ADD
0x1ee80x971	ADD
0x1ee60x222	CONST
0x1ee60x67e	CONST
0x1ee60x971	CONST
0x1ee50x222	MUL
0x1ee50x67e	MUL
0x1ee50x971	MUL
0x1ee30x222	CONST
0x1ee30x67e	CONST
0x1ee30x971	CONST
0x1edc0x222	LT
0x1edc0x67e	LT
0x1edc0x971	LT
0x1eda0x222	MLOAD
0x1eda0x67e	MLOAD
0x1eda0x971	MLOAD
0x1ed50x222	CONST
0x1ed50x67e	CONST
0x1ed50x971	CONST
0x1ed00x222	ISZERO
0x1ed00x67e	ISZERO
0x1ed00x971	ISZERO
0x1ecf0x222	LT
0x1ecf0x67e	LT
0x1ecf0x971	LT
0x1ecd0x222	MLOAD
0x1ecd0x67e	MLOAD
0x1ecd0x971	MLOAD
0x1ec70x222	CONST
0x1ec70x67e	CONST
0x1ec70x971	CONST
0x168a0x67e	LT
0x16880x67e	SLOAD
0x16840x67e	CONST
0x167d0x67e	SHA3
0x167c0x67e	ADD
0x167a0x67e	CONST
0x16780x67e	MLOAD
0x16740x67e	CONST
0x16700x67e	SUB
0x166f0x67e	SUB
0x166b0x67e	CONST
0x166a0x67e	MLOAD
0x16680x67e	CONST
0x16630x67e	ADD
0x16610x67e	CONST
0x165d0x67e	ADD
0x165b0x67e	CONST
0x16580x67e	SHL
0x16560x67e	CONST
0x16550x67e	AND
0x16400x67e	CONST
0x163d0x67e	ADD
0x163b0x67e	CONST
0x163a0x67e	MLOAD
0x16380x67e	CONST
0x16340x67e	CONST
0x16300x67e	ADD
0x162e0x67e	CONST
0x162d0x67e	SUB
0x16290x67e	MLOAD
0x16260x67e	ADD
0x16230x67e	CONST
0x16020x67e	CONST
0x16000x67e	ADD
0x15fd0x67e	CONST
0x15fb0x67e	CONST
0x15f90x67e	ADD
0x15f60x67e	CONST
0x15f40x67e	CONST
0x15d10x67e	CONST
0x15d00x67e	MLOAD
0x15cd0x67e	CONST
0x15c80x67e	LT
0x15c60x67e	SLOAD
0x15c40x67e	CONST
0x15c00x67e	ADD
0x15be0x67e	CONST
0x15bd0x67e	SUB
0x15b90x67e	MLOAD
0x15b60x67e	ADD
0x15b30x67e	CONST
0x15920x67e	CONST
0x15900x67e	ADD
0x158d0x67e	CONST
0x158b0x67e	CONST
0x15890x67e	ADD
0x15860x67e	CONST
0x15840x67e	CONST
0x15610x67e	CONST
0x15600x67e	MLOAD
0x155d0x67e	CONST
0x15580x67e	GT
0x15570x67e	MLOAD
0x15530x67e	CONST
0xaba0x222	SLOAD
0xaba0x67e	SLOAD
0xaba0x971	SLOAD
0xab90x222	ADD
0xab90x67e	ADD
0xab90x971	ADD
0xab80x222	SHA3
0xab80x67e	SHA3
0xab80x971	SHA3
0xab60x222	CONST
0xab60x67e	CONST
0xab60x971	CONST
0xab40x222	CONST
0xab40x67e	CONST
0xab40x971	CONST
0xab10x222	CONST
0xab10x67e	CONST
0xab10x971	CONST
0xaa90x222	LT
0xaa90x971	LT
0xaa70x222	SLOAD
0xaa70x971	SLOAD
0xaa30x222	CONST
0xaa30x971	CONST
0xa9c0x222	SHA3
0xa9c0x971	SHA3
0xa9b0x222	ADD
0xa9b0x971	ADD
0xa990x222	CONST
0xa990x971	CONST
0xa970x222	MLOAD
0xa970x971	MLOAD
0xa930x222	CONST
0xa930x971	CONST
0xa8f0x222	SUB
0xa8f0x971	SUB
0xa8e0x222	SUB
0xa8e0x971	SUB
0xa8a0x222	CONST
0xa8a0x971	CONST
0xa890x222	MLOAD
0xa890x971	MLOAD
0xa870x222	CONST
0xa870x971	CONST
0xa820x222	ADD
0xa820x971	ADD
0xa800x222	CONST
0xa800x971	CONST
0xa7c0x222	ADD
0xa7c0x971	ADD
0xa7a0x222	CONST
0xa7a0x971	CONST
0xa770x222	SHL
0xa770x971	SHL
0xa750x222	CONST
0xa750x971	CONST
0xa740x222	AND
0xa740x971	AND
0xa5f0x222	CONST
0xa5f0x971	CONST
0xa5c0x222	ADD
0xa5c0x971	ADD
0xa5a0x222	CONST
0xa5a0x971	CONST
0xa590x222	MLOAD
0xa590x971	MLOAD
0xa570x222	CONST
0xa570x971	CONST
0xa530x222	CONST
0xa530x971	CONST
0xa4f0x222	ADD
0xa4f0x971	ADD
0xa4d0x222	CONST
0xa4d0x971	CONST
0xa4c0x222	SUB
0xa4c0x971	SUB
0xa480x222	MLOAD
0xa480x971	MLOAD
0xa450x222	ADD
0xa450x971	ADD
0xa420x222	CONST
0xa420x971	CONST
0xa210x222	CONST
0xa210x971	CONST
0xa1f0x222	ADD
0xa1f0x971	ADD
0xa1c0x222	CONST
0xa1c0x971	CONST
0xa1a0x222	CONST
0xa1a0x971	CONST
0xa180x222	ADD
0xa180x971	ADD
0xa150x222	CONST
0xa150x971	CONST
0xa130x222	CONST
0xa130x971	CONST
0x9f00x222	CONST
0x9f00x971	CONST
0x9ef0x222	MLOAD
0x9ef0x971	MLOAD
0x9ec0x222	CONST
0x9ec0x971	CONST
0x9e70x222	LT
0x9e70x971	LT
0x9e50x222	SLOAD
0x9e50x971	SLOAD
0x9e30x222	CONST
0x9e30x971	CONST
0x9df0x222	ADD
0x9df0x971	ADD
0x9dd0x222	CONST
0x9dd0x971	CONST
0x9dc0x222	SUB
0x9dc0x971	SUB
0x9d80x222	MLOAD
0x9d80x971	MLOAD
0x9d50x222	ADD
0x9d50x971	ADD
0x9d20x222	CONST
0x9d20x971	CONST
0x9b10x222	CONST
0x9b10x971	CONST
0x9af0x222	ADD
0x9af0x971	ADD
0x9ac0x222	CONST
0x9ac0x971	CONST
0x9aa0x222	CONST
0x9aa0x971	CONST
0x9a80x222	ADD
0x9a80x971	ADD
0x9a50x222	CONST
0x9a50x971	CONST
0x9a30x222	CONST
0x9a30x971	CONST
0x9800x222	CONST
0x9800x971	CONST
0x97f0x222	MLOAD
0x97f0x971	MLOAD
0x97c0x222	CONST
0x97c0x971	CONST
0x9770x222	GT
0x9760x222	MLOAD
0x9720x222	CONST
0x1ec3S0x8b9	CALLER
0x1ec3S0xaca	CALLER
0x1ec3S0xd79	CALLER
0x1ec3S0x112b	CALLER
0x1ec3S0x12ab	CALLER
0x1ec3S0x142b	CALLER
0x1ec3S0x1c6e	CALLER
0x1ec3S0x1d37	CALLER
0x1f72S0xce8	CONST
0x1f75S0xce8	MLOAD
0x1f76S0xce8	CONST
0x1f8cS0xce8	AND
0x1f8dS0xce8	CONST
0x1f90S0xce8	ADD
0x1f92S0xce8	CONST
0x1f96S0xce8	ADD
0x1f9bS0xce8	MLOAD
0x1f9eS0xce8	SUB
0x1fa1S0xce8	ADD
0x1fa4S0xce8	CONST
0x1fa8S0xce8	ADD
0x1facS0xce8	CONST
0x1fafS0xce8	ADD
0x1fb1S0xce8	MLOAD
0x1fb2S0xce8	CONST
0x1fcfS0xce8	AND
0x1fd0S0xce8	CONST
0x1ff1S0xce8	OR
0x1ff4S0xce8	CONST
0x1ffaS0xce8	CONST
0x1ec3S0xfcf	CALLER
0x1ec3S0x104d	CALLER
0x1edd0x1552S0x1058	CONST
0x1ed50x1552_0x0S0x1058	PHI
0x1edc0x1552S0x1058	LT
0x1eda0x1552S0x1058	MLOAD
0x1ed50x1552S0x1058	CONST
0x16300x1552S0x1058	ADD
0x162e0x1552S0x1058	CONST
0x162d0x1552S0x1058	SUB
0x16290x1552S0x1058	MLOAD
0x16260x1552S0x1058	ADD
0x16230x1552S0x1058	CONST
0x16020x1552S0x1058	CONST
0x16000x1552S0x1058	ADD
0x15fd0x1552S0x1058	CONST
0x15fb0x1552S0x1058	CONST
0x15f90x1552S0x1058	ADD
0x15f60x1552S0x1058	CONST
0x15f40x1552S0x1058	CONST
0x15d10x1552S0x1058	CONST
0x15d00x1552S0x1058	MLOAD
0x15cd0x1552S0x1058	CONST
0x15c00x1552S0x1058	ADD
0x15be0x1552S0x1058	CONST
0x15bd0x1552S0x1058	SUB
0x15b90x1552S0x1058	MLOAD
0x15b60x1552S0x1058	ADD
0x15b30x1552S0x1058	CONST
0x15920x1552S0x1058	CONST
0x15900x1552S0x1058	ADD
0x158d0x1552S0x1058	CONST
0x158b0x1552S0x1058	CONST
0x15890x1552S0x1058	ADD
0x15860x1552S0x1058	CONST
0x15840x1552S0x1058	CONST
0x15610x1552S0x1058	CONST
0x15600x1552S0x1058	MLOAD
0x155d0x1552S0x1058	CONST
0x1553S0x1058	CONST
0x1557S0x1058	MLOAD
0x1558S0x1058	GT
0x1559S0x1058	CONST
0xabc0x1552S0x1058	CONST
0xaba0x1552S0x1058	SLOAD
0xab90x1552S0x1058	ADD
0xab80x1552S0x1058	SHA3
0xab60x1552S0x1058	CONST
0xab40x1552S0x1058	CONST
0xab10x1552S0x1058	CONST
0x15c90x1552S0x1058	CONST
0x15c80x1552S0x1058	LT
0x15c60x1552S0x1058	SLOAD
0x15c40x1552S0x1058	CONST
0x168b0x1552S0x1058	CONST
0x16800x1552S0x1058	CONST
0x168a0x1552S0x1058	LT
0x16880x1552S0x1058	SLOAD
0x16840x1552S0x1058	CONST
0x167d0x1552S0x1058	SHA3
0x167c0x1552S0x1058	ADD
0x167a0x1552S0x1058	CONST
0x16780x1552S0x1058	MLOAD
0x16740x1552S0x1058	CONST
0x16700x1552S0x1058	SUB
0x166f0x1552S0x1058	SUB
0x166b0x1552S0x1058	CONST
0x166a0x1552S0x1058	MLOAD
0x16680x1552S0x1058	CONST
0x16630x1552S0x1058	ADD
0x16610x1552S0x1058	CONST
0x165d0x1552S0x1058	ADD
0x165b0x1552S0x1058	CONST
0x16580x1552S0x1058	SHL
0x16560x1552S0x1058	CONST
0x16550x1552S0x1058	AND
0x16400x1552S0x1058	CONST
0x163d0x1552S0x1058	ADD
0x163b0x1552S0x1058	CONST
0x163a0x1552S0x1058	MLOAD
0x16380x1552S0x1058	CONST
0x16340x1552S0x1058	CONST
0x1ec70x1552S0x1058	CONST
0x1ed10x1552S0x1058	CONST
0x1ecb0x1552_0x0S0x1058	PHI
0x1ed00x1552S0x1058	ISZERO
0x1ecf0x1552S0x1058	LT
0x1ecd0x1552S0x1058	MLOAD
0x1ef00x1552S0x1058	CONST
0x1ee20x1552_0x0S0x1058	PHI
0x1ee20x1552_0x4S0x1058	PHI
0x1eef0x1552S0x1058	GT
0x1eea0x1552S0x1058	MLOAD
0x1ee90x1552S0x1058	ADD
0x1ee80x1552S0x1058	ADD
0x1ee60x1552S0x1058	CONST
0x1ee50x1552S0x1058	MUL
0x1ee30x1552S0x1058	CONST
0x1f250x1552S0x1058	CONST
0x1ef40x1552_0x2S0x1058	PHI
0x1f220x1552S0x1058	SHA3
0x1f210x1552S0x1058	ADD
0x1f1f0x1552S0x1058	CONST
0x1f1d0x1552S0x1058	MLOAD
0x1f190x1552S0x1058	CONST
0x1f150x1552S0x1058	SUB
0x1f140x1552S0x1058	SUB
0x1f100x1552S0x1058	CONST
0x1f0f0x1552S0x1058	MLOAD
0x1f0d0x1552S0x1058	CONST
0x1f080x1552S0x1058	ADD
0x1f060x1552S0x1058	CONST
0x1f020x1552S0x1058	ADD
0x1f000x1552S0x1058	CONST
0x1efb0x1552S0x1058	ADD
0x1ef90x1552S0x1058	CONST
0x1ef80x1552S0x1058	MLOAD
0x1ef60x1552S0x1058	CONST
0x1f290x1552_0x2S0x1058	PHI
0x1f580x1552S0x1058	SHA3
0x1f570x1552S0x1058	ADD
0x1f550x1552S0x1058	CONST
0x1f530x1552S0x1058	MLOAD
0x1f4f0x1552S0x1058	CONST
0x1f4b0x1552S0x1058	SUB
0x1f4a0x1552S0x1058	SUB
0x1f460x1552S0x1058	CONST
0x1f450x1552S0x1058	MLOAD
0x1f430x1552S0x1058	CONST
0x1f3e0x1552S0x1058	ADD
0x1f3c0x1552S0x1058	CONST
0x1f380x1552S0x1058	ADD
0x1f360x1552S0x1058	CONST
0x1f310x1552S0x1058	ADD
0x1f2f0x1552S0x1058	CONST
0x1f2e0x1552S0x1058	MLOAD
0x1f2c0x1552S0x1058	CONST
0x1f600x1552S0x1058	CONST
0x1f5b0x1552_0x1S0x1058	PHI
0x1f5f0x1552S0x1058	ADD
0x1f5d0x1552S0x1058	CONST
0x1f640x1552_0x1S0x1058	PHI
0x1f670x1552S0x1058	EQ
0x268eS0x10cb	CONST
0x2690S0x10cb	MLOAD
0x2691S0x10cb	CONST
0x26b4S0x10cb	CONST
0x26b6S0x10cb	ADD
0x26b9S0x10cb	CONST
0x26bbS0x10cb	ADD
0x26beS0x10cb	SUB
0x26c4S0x10cb	MLOAD
0x26c7S0x10cb	CONST
0x26c9S0x10cb	ADD
0x26cdS0x10cb	MLOAD
0x26cfS0x10cb	CONST
0x26d1S0x10cb	ADD
0x26d6S0x10cb	CONST
0x2004S0x10cb	CONST
0x2006S0x10cb	CONST
0x200bS0x10cb	CONST
0x200dS0x10cb	MLOAD
0x200fS0x10cb	CONST
0x2011S0x10cb	ADD
0x2012S0x10cb	CONST
0x2016S0x10cb	CONST
0x201aS0x10cb	CONST
0x201cS0x10cb	ADD
0x201dS0x10cb	CONST
0x2041S0x10cb	CONST
0x2683S0x10cb	CONST
0x2688S0x10cb	GT
0x2689S0x10cb	ISZERO
0x268aS0x10cb	CONST
0x2730S0x10cb	SUB
0x26dd0x2003S0x10cb	CONST
0x26d80x2003_0x0S0x10cb	PHI
0x26dc0x2003S0x10cb	ISZERO
0x26db0x2003S0x10cb	LT
0x26ec0x2003S0x10cb	CONST
0x26e10x2003_0x0S0x10cb	PHI
0x26eb0x2003S0x10cb	ADD
0x26e90x2003S0x10cb	CONST
0x26e70x2003S0x10cb	ADD
0x26e40x2003S0x10cb	MLOAD
0x26e30x2003S0x10cb	ADD
0x27000x2003S0x10cb	CONST
0x26ff0x2003S0x10cb	ISZERO
0x26fd0x2003S0x10cb	AND
0x26fb0x2003S0x10cb	CONST
0x26f90x2003S0x10cb	ADD
0x271a0x2003S0x10cb	ADD
0x27180x2003S0x10cb	CONST
0x27150x2003S0x10cb	AND
0x27140x2003S0x10cb	NOT
0x27130x2003S0x10cb	SUB
0x27120x2003S0x10cb	EXP
0x270f0x2003S0x10cb	CONST
0x270e0x2003S0x10cb	SUB
0x270c0x2003S0x10cb	CONST
0x27090x2003S0x10cb	CONST
0x27080x2003S0x10cb	MLOAD
0x27060x2003S0x10cb	SUB
0x271d0x2003_0x1S0x10cb	PHI
0x27280x2003S0x10cb	SUB
0x27250x2003S0x10cb	MLOAD
0x27230x2003S0x10cb	CONST
0x1ec3S0x1864	CALLER
0x1ec3S0x18e2	CALLER
0x23ecS0x18ed	CONST
0x23efS0x18ed	MLOAD
0x23f0S0x18ed	CONST
0x2407S0x18ed	AND
0x2408S0x18ed	CONST
0x240bS0x18ed	ADD
0x240eS0x18ed	AND
0x240fS0x18ed	CONST
0x2412S0x18ed	ADD
0x2414S0x18ed	CONST
0x2418S0x18ed	ADD
0x241dS0x18ed	MLOAD
0x2420S0x18ed	SUB
0x2423S0x18ed	ADD
0x2426S0x18ed	CONST
0x242aS0x18ed	ADD
0x242eS0x18ed	CONST
0x2431S0x18ed	ADD
0x2433S0x18ed	MLOAD
0x2434S0x18ed	CONST
0x2451S0x18ed	AND
0x2452S0x18ed	CONST
0x2473S0x18ed	OR
0x2476S0x18ed	CONST
0x247cS0x18ed	CONST
0x2481S0x1937	ADDRESS
0x2482S0x1937	EXTCODESIZE
0x2483S0x1937	ISZERO
0x2dd8S0x1235	SLOAD
0x2dd9S0x1235	CONST
0x2ddeS0x1235	CONST
0x2de1S0x1235	CONST
0x2de3S0x1235	CONST
0x2de5S0x1235	SHA3
0x2de8S0x1235	ADD
0x2deaS0x1235	CONST
0x2defS0x1235	CONST
0x2e48S0x2dd5S0x1235	CONST
0x2e4cS0x2dd5S0x1235	CONST
0x2e4eS0x2dd5S0x1235	ADD
0x2e4fS0x2dd5S0x1235	CONST
0x2e48_0x0S0x2dd5S0x1235	PHI
0x2e42S0x2dd5S0x1235	GT
0x2e43S0x2dd5S0x1235	ISZERO
0x2e44S0x2dd5S0x1235	CONST
0x2e3f_0x0S0x2dd5S0x1235	PHI
0x2dd8S0x13b5	SLOAD
0x2dd9S0x13b5	CONST
0x2ddeS0x13b5	CONST
0x2de1S0x13b5	CONST
0x2de3S0x13b5	CONST
0x2de5S0x13b5	SHA3
0x2de8S0x13b5	ADD
0x2deaS0x13b5	CONST
0x2defS0x13b5	CONST
0x2e48S0x2dd5S0x13b5	CONST
0x2e4cS0x2dd5S0x13b5	CONST
0x2e4eS0x2dd5S0x13b5	ADD
0x2e4fS0x2dd5S0x13b5	CONST
0x2e48_0x0S0x2dd5S0x13b5	PHI
0x2e42S0x2dd5S0x13b5	GT
0x2e43S0x2dd5S0x13b5	ISZERO
0x2e44S0x2dd5S0x13b5	CONST
0x2e3f_0x0S0x2dd5S0x13b5	PHI
0x20d5S0x10d7	CONST
0x20d8S0x10d7	MLOAD
0x20d9S0x10d7	CONST
0x20fcS0x10d7	CONST
0x20feS0x10d7	CONST
0x2101S0x10d7	ADD
0x2103S0x10d7	CONST
0x2105S0x10d7	CONST
0x2108S0x10d7	ADD
0x210aS0x10d7	CONST
0x212bS0x10d7	CONST
0x212eS0x10d7	ADD
0x2131S0x10d7	MLOAD
0x2135S0x10d7	SUB
0x2136S0x10d7	CONST
0x2138S0x10d7	ADD
0x2151S0x10d7	CONST
0x2154S0x10d7	MLOAD
0x2155S0x10d7	CONST
0x2178S0x10d7	CONST
0x217aS0x10d7	CONST
0x217dS0x10d7	ADD
0x217fS0x10d7	CONST
0x2181S0x10d7	CONST
0x2184S0x10d7	ADD
0x2186S0x10d7	CONST
0x21a7S0x10d7	CONST
0x21aaS0x10d7	ADD
0x21adS0x10d7	MLOAD
0x21b1S0x10d7	SUB
0x21b2S0x10d7	CONST
0x21b4S0x10d7	ADD
0x22c2S0x10d7	CONST
0x22d1S0x10d7	RETURNDATASIZE
0x22d2S0x10d7	CONST
0x22d6S0x10d7	RETURNDATASIZE
0x22d7S0x10d7	CONST
0x2356S0x10d7	CONST
0x2365S0x10d7	RETURNDATASIZE
0x2366S0x10d7	CONST
0x236aS0x10d7	RETURNDATASIZE
0x236bS0x10d7	CONST
0x2380S0x10d7	CONST
0x2741S0x10d7	CONST
0x2744S0x10d7	MLOAD
0x2745S0x10d7	CONST
0x2768S0x10d7	CONST
0x276aS0x10d7	CONST
0x276dS0x10d7	ADD
0x276fS0x10d7	CONST
0x2771S0x10d7	CONST
0x2774S0x10d7	ADD
0x2776S0x10d7	CONST
0x2797S0x10d7	CONST
0x279aS0x10d7	ADD
0x279dS0x10d7	MLOAD
0x27a1S0x10d7	SUB
0x27a2S0x10d7	CONST
0x27a4S0x10d7	ADD
0x204fS0x10d7	CONST
0x2051S0x10d7	CONST
0x2055S0x10d7	CONST
0x2057S0x10d7	CONST
0x2059S0x10d7	CONST
0x205cS0x10d7	CONST
0x20cfS0x10d7	GT
0x20d0S0x10d7	ISZERO
0x20d1S0x10d7	CONST
0x2061S0x10d7	CONST
0x2076S0x10d7	AND
0x2077S0x10d7	CONST
0x208cS0x10d7	AND
0x208fS0x10d7	CONST
0x2091S0x10d7	ADD
0x2095S0x10d7	CONST
0x2097S0x10d7	ADD
0x2098S0x10d7	CONST
0x209aS0x10d7	SHA3
0x209cS0x10d7	CONST
0x209fS0x10d7	GT
0x20a0S0x10d7	ISZERO
0x20a1S0x10d7	CONST
0x20a7S0x10d7	CONST
0x20b8S0x10d7	AND
0x20b9S0x10d7	CONST
0x20bcS0x10d7	LT
0x20bdS0x10d7	CONST
0x20c3S0x10d7	ADD
0x20c4S0x10d7	SLOAD
0x20c6S0x10d7	CONST
0x2734S0x10d7	CONST
0x2738S0x10d7	ADD
0x273bS0x10d7	LT
0x273cS0x10d7	ISZERO
0x273dS0x10d7	CONST
0x213dS0x10d7	ISZERO
0x213fS0x10d7	ISZERO
0x2141S0x10d7	CONST
0x214dS0x10d7	CONST
0x214c_0x0S0x10d7	PHI
0x21b8S0x10d7	CONST
0x21baS0x10d7	CONST
0x21bdS0x10d7	CONST
0x21bfS0x10d7	SLOAD
0x21c0S0x10d7	CONST
0x21c3S0x10d7	CONST
0x21c5S0x10d7	SLOAD
0x21c7S0x10d7	CONST
0x21cdS0x10d7	CONST
0x21d2S0x10d7	AND
0x21deS0x10d7	CONST
0x21e0S0x10d7	CONST
0x21e2S0x10d7	CONST
0x21e5S0x10d7	CONST
0x21d6S0x10d7	CONST
0x21eaS0x10d7	CONST
0x21ffS0x10d7	AND
0x2200S0x10d7	CONST
0x2215S0x10d7	AND
0x2218S0x10d7	CONST
0x221aS0x10d7	ADD
0x221eS0x10d7	CONST
0x2220S0x10d7	ADD
0x2221S0x10d7	CONST
0x2223S0x10d7	SHA3
0x2225S0x10d7	CONST
0x2228S0x10d7	GT
0x2229S0x10d7	ISZERO
0x222aS0x10d7	CONST
0x2230S0x10d7	CONST
0x2241S0x10d7	AND
0x2242S0x10d7	CONST
0x2245S0x10d7	LT
0x2246S0x10d7	CONST
0x224cS0x10d7	ADD
0x224eS0x10d7	CONST
0x2250S0x10d7	SLOAD
0x2251S0x10d7	CONST
0x2254S0x10d7	MLOAD
0x2255S0x10d7	CONST
0x2278S0x10d7	ADDRESS
0x2279S0x10d7	CONST
0x227cS0x10d7	ADD
0x227eS0x10d7	CONST
0x2281S0x10d7	ADD
0x2286S0x10d7	MLOAD
0x2287S0x10d7	CONST
0x229eS0x10d7	AND
0x22a0S0x10d7	CONST
0x22a6S0x10d7	CONST
0x22aaS0x10d7	ADD
0x22acS0x10d7	CONST
0x22b4S0x10d7	SUB
0x22b5S0x10d7	ADD
0x22baS0x10d7	EXTCODESIZE
0x22bbS0x10d7	ISZERO
0x22bdS0x10d7	ISZERO
0x22beS0x10d7	CONST
0x22c8S0x10d7	GAS
0x22c9S0x10d7	CALL
0x22caS0x10d7	ISZERO
0x22ccS0x10d7	ISZERO
0x22cdS0x10d7	CONST
0x22ddS0x10d7	CONST
0x22dfS0x10d7	SLOAD
0x22e0S0x10d7	CONST
0x22f5S0x10d7	AND
0x22f8S0x10d7	CONST
0x22ffS0x10d7	CONST
0x2302S0x10d7	CONST
0x2308S0x10d7	CONST
0x230aS0x10d7	MLOAD
0x230cS0x10d7	CONST
0x2311S0x10d7	AND
0x2312S0x10d7	CONST
0x2314S0x10d7	SHL
0x2317S0x10d7	CONST
0x2319S0x10d7	ADD
0x231cS0x10d7	CONST
0x2331S0x10d7	AND
0x2334S0x10d7	CONST
0x2336S0x10d7	ADD
0x233aS0x10d7	CONST
0x233cS0x10d7	ADD
0x2341S0x10d7	CONST
0x2343S0x10d7	CONST
0x2345S0x10d7	MLOAD
0x2348S0x10d7	SUB
0x234aS0x10d7	CONST
0x234eS0x10d7	EXTCODESIZE
0x234fS0x10d7	ISZERO
0x2351S0x10d7	ISZERO
0x2352S0x10d7	CONST
0x235cS0x10d7	GAS
0x235dS0x10d7	CALL
0x235eS0x10d7	ISZERO
0x2360S0x10d7	ISZERO
0x2361S0x10d7	CONST
0x2373S0x10d7	CONST
0x2375S0x10d7	MLOAD
0x2376S0x10d7	RETURNDATASIZE
0x2377S0x10d7	CONST
0x237aS0x10d7	LT
0x237bS0x10d7	ISZERO
0x237cS0x10d7	CONST
0x2386S0x10d7	CONST
0x238bS0x10d7	CONST
0x2390S0x10d7	CONST
0x23a5S0x10d7	AND
0x23a6S0x10d7	CONST
0x23c9S0x10d7	CONST
0x23cbS0x10d7	MLOAD
0x23d0S0x10d7	CONST
0x23d2S0x10d7	ADD
0x23d6S0x10d7	CONST
0x23d8S0x10d7	ADD
0x23ddS0x10d7	CONST
0x23dfS0x10d7	MLOAD
0x23e2S0x10d7	SUB
0x2146S0x10d7	CONST
0x2148S0x10d7	SLOAD
0x214aS0x10d7	LT
0x214bS0x10d7	ISZERO
0x1ec3S0x204eS0x10d7	CALLER
0x27caS0x21b7S0x10d7	CONST
0x27ccS0x21b7S0x10d7	MLOAD
0x27cdS0x21b7S0x10d7	CONST
0x27f0S0x21b7S0x10d7	CONST
0x27f2S0x21b7S0x10d7	ADD
0x27f5S0x21b7S0x10d7	CONST
0x27f7S0x21b7S0x10d7	ADD
0x27faS0x21b7S0x10d7	SUB
0x27fdS0x21b7S0x10d7	CONST
0x2801S0x21b7S0x10d7	CONST
0x2803S0x21b7S0x10d7	ADD
0x2805S0x21b7S0x10d7	CONST
0x2808S0x21b7S0x10d7	CONST
0x280cS0x21b7S0x10d7	CONST
0x280eS0x21b7S0x10d7	ADD
0x2812S0x21b7S0x10d7	CONST
0x2814S0x21b7S0x10d7	MLOAD
0x2817S0x21b7S0x10d7	SUB
0x27a8S0x21b7S0x10d7	CONST
0x27abS0x21b7S0x10d7	CONST
0x27b9S0x21b7S0x10d7	MUL
0x27beS0x21b7S0x10d7	CONST
0x27c4S0x21b7S0x10d7	DIV
0x27c5S0x21b7S0x10d7	EQ
0x27c6S0x21b7S0x10d7	CONST
0x27b0S0x21b7S0x10d7	CONST
0x27b2S0x21b7S0x10d7	CONST
0x20480x27a7_0x0S0x21b7S0x10d7	PHI
0x1ec3S0x21daS0x10d7	CALLER
0x2b1eS0x21d4S0x10d7	CONST
0x2b20S0x21d4S0x10d7	MLOAD
0x2b21S0x21d4S0x10d7	CONST
0x2b44S0x21d4S0x10d7	CONST
0x2b46S0x21d4S0x10d7	CONST
0x2b49S0x21d4S0x10d7	ADD
0x2b4eS0x21d4S0x10d7	MLOAD
0x2b4fS0x21d4S0x10d7	CONST
0x2b52S0x21d4S0x10d7	ADD
0x2b55S0x21d4S0x10d7	MLOAD
0x2b5aS0x21d4S0x10d7	CONST
0x2b5eS0x21d4S0x10d7	ADD
0x2b62S0x21d4S0x10d7	ADD
0x2b67S0x21d4S0x10d7	CONST
0x2b6aS0x21d4S0x10d7	ISZERO
0x2b6bS0x21d4S0x10d7	CONST
0x281bS0x21d4S0x10d7	CONST
0x281dS0x21d4S0x10d7	CONST
0x2822S0x21d4S0x10d7	CONST
0x2824S0x21d4S0x10d7	MLOAD
0x2826S0x21d4S0x10d7	CONST
0x2828S0x21d4S0x10d7	ADD
0x2829S0x21d4S0x10d7	CONST
0x282dS0x21d4S0x10d7	CONST
0x2831S0x21d4S0x10d7	CONST
0x2833S0x21d4S0x10d7	ADD
0x2834S0x21d4S0x10d7	CONST
0x2858S0x21d4S0x10d7	CONST
0x2b16S0x21d4S0x10d7	CONST
0x2b1aS0x21d4S0x10d7	CONST
0x2b80S0x21d4S0x10d7	CONST
0x2b85S0x21d4S0x10d7	CONST
0x2b8bS0x21d4S0x10d7	DIV
0x2b71S0x21d4S0x10d7	ADD
0x2b72S0x21d4S0x10d7	MLOAD
0x2b75S0x21d4S0x10d7	ADD
0x2b77S0x21d4S0x10d7	CONST
0x2b79S0x21d4S0x10d7	ADD
0x2b7aS0x21d4S0x10d7	CONST
0x26dd0x281aS0x21d4S0x10d7	CONST
0x26d80x281a_0x0S0x21d4S0x10d7	PHI
0x26dc0x281aS0x21d4S0x10d7	ISZERO
0x26db0x281aS0x21d4S0x10d7	LT
0x26ec0x281aS0x21d4S0x10d7	CONST
0x26e10x281a_0x0S0x21d4S0x10d7	PHI
0x26eb0x281aS0x21d4S0x10d7	ADD
0x26e90x281aS0x21d4S0x10d7	CONST
0x26e70x281aS0x21d4S0x10d7	ADD
0x26e40x281aS0x21d4S0x10d7	MLOAD
0x26e30x281aS0x21d4S0x10d7	ADD
0x27000x281aS0x21d4S0x10d7	CONST
0x26ff0x281aS0x21d4S0x10d7	ISZERO
0x26fd0x281aS0x21d4S0x10d7	AND
0x26fb0x281aS0x21d4S0x10d7	CONST
0x26f90x281aS0x21d4S0x10d7	ADD
0x271a0x281aS0x21d4S0x10d7	ADD
0x27180x281aS0x21d4S0x10d7	CONST
0x27150x281aS0x21d4S0x10d7	AND
0x27140x281aS0x21d4S0x10d7	NOT
0x27130x281aS0x21d4S0x10d7	SUB
0x27120x281aS0x21d4S0x10d7	EXP
0x270f0x281aS0x21d4S0x10d7	CONST
0x270e0x281aS0x21d4S0x10d7	SUB
0x270c0x281aS0x21d4S0x10d7	CONST
0x27090x281aS0x21d4S0x10d7	CONST
0x27080x281aS0x21d4S0x10d7	MLOAD
0x27060x281aS0x21d4S0x10d7	SUB
0x271d0x281a_0x1S0x21d4S0x10d7	PHI
0x27280x281aS0x21d4S0x10d7	SUB
0x27250x281aS0x21d4S0x10d7	MLOAD
0x27230x281aS0x21d4S0x10d7	CONST
0x1ec3S0x22daS0x10d7	CALLER
0x1ec3S0x2384S0x10d7	CALLER
0x2df6S0x1282	SLOAD
0x2dfbS0x1282	CONST
0x2dfeS0x1282	CONST
0x2e00S0x1282	CONST
0x2e02S0x1282	SHA3
0x2e05S0x1282	ADD
0x2e08S0x1282	ISZERO
0x2e09S0x1282	CONST
0x2e30S0x1282	CONST
0x2e36S0x1282	CONST
0x2e2e_0x1S0x1282	PHI
0x2e16S0x1282	GT
0x2e17S0x1282	ISZERO
0x2e18S0x1282	CONST
0x2e13_0x2S0x1282	PHI
0x2e0eS0x1282	CONST
0x2e10S0x1282	MUL
0x2e12S0x1282	ADD
0x2e1dS0x1282	MLOAD
0x2e21S0x1282	CONST
0x2e23S0x1282	ADD
0x2e26S0x1282	CONST
0x2e28S0x1282	ADD
0x2e2aS0x1282	CONST
0x2e1c_0x1S0x1282	PHI
0x2e1c_0x2S0x1282	PHI
0x2e48S0x2e2eS0x1282	CONST
0x2e4cS0x2e2eS0x1282	CONST
0x2e4eS0x2e2eS0x1282	ADD
0x2e4fS0x2e2eS0x1282	CONST
0x2e48_0x0S0x2e2eS0x1282	PHI
0x2e42S0x2e2eS0x1282	GT
0x2e43S0x2e2eS0x1282	ISZERO
0x2e44S0x2e2eS0x1282	CONST
0x2e3f_0x0S0x2e2eS0x1282	PHI
0x2df6S0x1297	SLOAD
0x2dfbS0x1297	CONST
0x2dfeS0x1297	CONST
0x2e00S0x1297	CONST
0x2e02S0x1297	SHA3
0x2e05S0x1297	ADD
0x2e08S0x1297	ISZERO
0x2e09S0x1297	CONST
0x2e30S0x1297	CONST
0x2e36S0x1297	CONST
0x2e2e_0x1S0x1297	PHI
0x2e16S0x1297	GT
0x2e17S0x1297	ISZERO
0x2e18S0x1297	CONST
0x2e13_0x2S0x1297	PHI
0x2e0eS0x1297	CONST
0x2e10S0x1297	MUL
0x2e12S0x1297	ADD
0x2e1dS0x1297	MLOAD
0x2e21S0x1297	CONST
0x2e23S0x1297	ADD
0x2e26S0x1297	CONST
0x2e28S0x1297	ADD
0x2e2aS0x1297	CONST
0x2e1c_0x1S0x1297	PHI
0x2e1c_0x2S0x1297	PHI
0x2e48S0x2e2eS0x1297	CONST
0x2e4cS0x2e2eS0x1297	CONST
0x2e4eS0x2e2eS0x1297	ADD
0x2e4fS0x2e2eS0x1297	CONST
0x2e48_0x0S0x2e2eS0x1297	PHI
0x2e42S0x2e2eS0x1297	GT
0x2e43S0x2e2eS0x1297	ISZERO
0x2e44S0x2e2eS0x1297	CONST
0x2e3f_0x0S0x2e2eS0x1297	PHI
0x2df6S0x1402	SLOAD
0x2dfbS0x1402	CONST
0x2dfeS0x1402	CONST
0x2e00S0x1402	CONST
0x2e02S0x1402	SHA3
0x2e05S0x1402	ADD
0x2e08S0x1402	ISZERO
0x2e09S0x1402	CONST
0x2e30S0x1402	CONST
0x2e36S0x1402	CONST
0x2e2e_0x1S0x1402	PHI
0x2e16S0x1402	GT
0x2e17S0x1402	ISZERO
0x2e18S0x1402	CONST
0x2e13_0x2S0x1402	PHI
0x2e0eS0x1402	CONST
0x2e10S0x1402	MUL
0x2e12S0x1402	ADD
0x2e1dS0x1402	MLOAD
0x2e21S0x1402	CONST
0x2e23S0x1402	ADD
0x2e26S0x1402	CONST
0x2e28S0x1402	ADD
0x2e2aS0x1402	CONST
0x2e1c_0x1S0x1402	PHI
0x2e1c_0x2S0x1402	PHI
0x2e48S0x2e2eS0x1402	CONST
0x2e4cS0x2e2eS0x1402	CONST
0x2e4eS0x2e2eS0x1402	ADD
0x2e4fS0x2e2eS0x1402	CONST
0x2e48_0x0S0x2e2eS0x1402	PHI
0x2e42S0x2e2eS0x1402	GT
0x2e43S0x2e2eS0x1402	ISZERO
0x2e44S0x2e2eS0x1402	CONST
0x2e3f_0x0S0x2e2eS0x1402	PHI
0x2df6S0x1417	SLOAD
0x2dfbS0x1417	CONST
0x2dfeS0x1417	CONST
0x2e00S0x1417	CONST
0x2e02S0x1417	SHA3
0x2e05S0x1417	ADD
0x2e08S0x1417	ISZERO
0x2e09S0x1417	CONST
0x2e30S0x1417	CONST
0x2e36S0x1417	CONST
0x2e2e_0x1S0x1417	PHI
0x2e16S0x1417	GT
0x2e17S0x1417	ISZERO
0x2e18S0x1417	CONST
0x2e13_0x2S0x1417	PHI
0x2e0eS0x1417	CONST
0x2e10S0x1417	MUL
0x2e12S0x1417	ADD
0x2e1dS0x1417	MLOAD
0x2e21S0x1417	CONST
0x2e23S0x1417	ADD
0x2e26S0x1417	CONST
0x2e28S0x1417	ADD
0x2e2aS0x1417	CONST
0x2e1c_0x1S0x1417	PHI
0x2e1c_0x2S0x1417	PHI
0x2e48S0x2e2eS0x1417	CONST
0x2e4cS0x2e2eS0x1417	CONST
0x2e4eS0x2e2eS0x1417	ADD
0x2e4fS0x2e2eS0x1417	CONST
0x2e48_0x0S0x2e2eS0x1417	PHI
0x2e42S0x2e2eS0x1417	GT
0x2e43S0x2e2eS0x1417	ISZERO
0x2e44S0x2e2eS0x1417	CONST
0x2e3f_0x0S0x2e2eS0x1417	PHI
0x20d5S0x190e	CONST
0x20d8S0x190e	MLOAD
0x20d9S0x190e	CONST
0x20fcS0x190e	CONST
0x20feS0x190e	CONST
0x2101S0x190e	ADD
0x2103S0x190e	CONST
0x2105S0x190e	CONST
0x2108S0x190e	ADD
0x210aS0x190e	CONST
0x212bS0x190e	CONST
0x212eS0x190e	ADD
0x2131S0x190e	MLOAD
0x2135S0x190e	SUB
0x2136S0x190e	CONST
0x2138S0x190e	ADD
0x2151S0x190e	CONST
0x2154S0x190e	MLOAD
0x2155S0x190e	CONST
0x2178S0x190e	CONST
0x217aS0x190e	CONST
0x217dS0x190e	ADD
0x217fS0x190e	CONST
0x2181S0x190e	CONST
0x2184S0x190e	ADD
0x2186S0x190e	CONST
0x21a7S0x190e	CONST
0x21aaS0x190e	ADD
0x21adS0x190e	MLOAD
0x21b1S0x190e	SUB
0x21b2S0x190e	CONST
0x21b4S0x190e	ADD
0x22c2S0x190e	CONST
0x22d1S0x190e	RETURNDATASIZE
0x22d2S0x190e	CONST
0x22d6S0x190e	RETURNDATASIZE
0x22d7S0x190e	CONST
0x2356S0x190e	CONST
0x2365S0x190e	RETURNDATASIZE
0x2366S0x190e	CONST
0x236aS0x190e	RETURNDATASIZE
0x236bS0x190e	CONST
0x2380S0x190e	CONST
0x2741S0x190e	CONST
0x2744S0x190e	MLOAD
0x2745S0x190e	CONST
0x2768S0x190e	CONST
0x276aS0x190e	CONST
0x276dS0x190e	ADD
0x276fS0x190e	CONST
0x2771S0x190e	CONST
0x2774S0x190e	ADD
0x2776S0x190e	CONST
0x2797S0x190e	CONST
0x279aS0x190e	ADD
0x279dS0x190e	MLOAD
0x27a1S0x190e	SUB
0x27a2S0x190e	CONST
0x27a4S0x190e	ADD
0x204fS0x190e	CONST
0x2051S0x190e	CONST
0x2055S0x190e	CONST
0x2057S0x190e	CONST
0x2059S0x190e	CONST
0x205cS0x190e	CONST
0x20cfS0x190e	GT
0x20d0S0x190e	ISZERO
0x20d1S0x190e	CONST
0x2061S0x190e	CONST
0x2076S0x190e	AND
0x2077S0x190e	CONST
0x208cS0x190e	AND
0x208fS0x190e	CONST
0x2091S0x190e	ADD
0x2095S0x190e	CONST
0x2097S0x190e	ADD
0x2098S0x190e	CONST
0x209aS0x190e	SHA3
0x209cS0x190e	CONST
0x209fS0x190e	GT
0x20a0S0x190e	ISZERO
0x20a1S0x190e	CONST
0x20a7S0x190e	CONST
0x20b8S0x190e	AND
0x20b9S0x190e	CONST
0x20bcS0x190e	LT
0x20bdS0x190e	CONST
0x20c3S0x190e	ADD
0x20c4S0x190e	SLOAD
0x20c6S0x190e	CONST
0x2734S0x190e	CONST
0x2738S0x190e	ADD
0x273bS0x190e	LT
0x273cS0x190e	ISZERO
0x273dS0x190e	CONST
0x213dS0x190e	ISZERO
0x213fS0x190e	ISZERO
0x2141S0x190e	CONST
0x214dS0x190e	CONST
0x214c_0x0S0x190e	PHI
0x21b8S0x190e	CONST
0x21baS0x190e	CONST
0x21bdS0x190e	CONST
0x21bfS0x190e	SLOAD
0x21c0S0x190e	CONST
0x21c3S0x190e	CONST
0x21c5S0x190e	SLOAD
0x21c7S0x190e	CONST
0x21cdS0x190e	CONST
0x21d2S0x190e	AND
0x21deS0x190e	CONST
0x21e0S0x190e	CONST
0x21e2S0x190e	CONST
0x21e5S0x190e	CONST
0x21d6S0x190e	CONST
0x21eaS0x190e	CONST
0x21ffS0x190e	AND
0x2200S0x190e	CONST
0x2215S0x190e	AND
0x2218S0x190e	CONST
0x221aS0x190e	ADD
0x221eS0x190e	CONST
0x2220S0x190e	ADD
0x2221S0x190e	CONST
0x2223S0x190e	SHA3
0x2225S0x190e	CONST
0x2228S0x190e	GT
0x2229S0x190e	ISZERO
0x222aS0x190e	CONST
0x2230S0x190e	CONST
0x2241S0x190e	AND
0x2242S0x190e	CONST
0x2245S0x190e	LT
0x2246S0x190e	CONST
0x224cS0x190e	ADD
0x224eS0x190e	CONST
0x2250S0x190e	SLOAD
0x2251S0x190e	CONST
0x2254S0x190e	MLOAD
0x2255S0x190e	CONST
0x2278S0x190e	ADDRESS
0x2279S0x190e	CONST
0x227cS0x190e	ADD
0x227eS0x190e	CONST
0x2281S0x190e	ADD
0x2286S0x190e	MLOAD
0x2287S0x190e	CONST
0x229eS0x190e	AND
0x22a0S0x190e	CONST
0x22a6S0x190e	CONST
0x22aaS0x190e	ADD
0x22acS0x190e	CONST
0x22b4S0x190e	SUB
0x22b5S0x190e	ADD
0x22baS0x190e	EXTCODESIZE
0x22bbS0x190e	ISZERO
0x22bdS0x190e	ISZERO
0x22beS0x190e	CONST
0x22c8S0x190e	GAS
0x22c9S0x190e	CALL
0x22caS0x190e	ISZERO
0x22ccS0x190e	ISZERO
0x22cdS0x190e	CONST
0x22ddS0x190e	CONST
0x22dfS0x190e	SLOAD
0x22e0S0x190e	CONST
0x22f5S0x190e	AND
0x22f8S0x190e	CONST
0x22ffS0x190e	CONST
0x2302S0x190e	CONST
0x2308S0x190e	CONST
0x230aS0x190e	MLOAD
0x230cS0x190e	CONST
0x2311S0x190e	AND
0x2312S0x190e	CONST
0x2314S0x190e	SHL
0x2317S0x190e	CONST
0x2319S0x190e	ADD
0x231cS0x190e	CONST
0x2331S0x190e	AND
0x2334S0x190e	CONST
0x2336S0x190e	ADD
0x233aS0x190e	CONST
0x233cS0x190e	ADD
0x2341S0x190e	CONST
0x2343S0x190e	CONST
0x2345S0x190e	MLOAD
0x2348S0x190e	SUB
0x234aS0x190e	CONST
0x234eS0x190e	EXTCODESIZE
0x234fS0x190e	ISZERO
0x2351S0x190e	ISZERO
0x2352S0x190e	CONST
0x235cS0x190e	GAS
0x235dS0x190e	CALL
0x235eS0x190e	ISZERO
0x2360S0x190e	ISZERO
0x2361S0x190e	CONST
0x2373S0x190e	CONST
0x2375S0x190e	MLOAD
0x2376S0x190e	RETURNDATASIZE
0x2377S0x190e	CONST
0x237aS0x190e	LT
0x237bS0x190e	ISZERO
0x237cS0x190e	CONST
0x2386S0x190e	CONST
0x238bS0x190e	CONST
0x2390S0x190e	CONST
0x23a5S0x190e	AND
0x23a6S0x190e	CONST
0x23c9S0x190e	CONST
0x23cbS0x190e	MLOAD
0x23d0S0x190e	CONST
0x23d2S0x190e	ADD
0x23d6S0x190e	CONST
0x23d8S0x190e	ADD
0x23ddS0x190e	CONST
0x23dfS0x190e	MLOAD
0x23e2S0x190e	SUB
0x2146S0x190e	CONST
0x2148S0x190e	SLOAD
0x214aS0x190e	LT
0x214bS0x190e	ISZERO
0x1ec3S0x204eS0x190e	CALLER
0x27caS0x21b7S0x190e	CONST
0x27ccS0x21b7S0x190e	MLOAD
0x27cdS0x21b7S0x190e	CONST
0x27f0S0x21b7S0x190e	CONST
0x27f2S0x21b7S0x190e	ADD
0x27f5S0x21b7S0x190e	CONST
0x27f7S0x21b7S0x190e	ADD
0x27faS0x21b7S0x190e	SUB
0x27fdS0x21b7S0x190e	CONST
0x2801S0x21b7S0x190e	CONST
0x2803S0x21b7S0x190e	ADD
0x2805S0x21b7S0x190e	CONST
0x2808S0x21b7S0x190e	CONST
0x280cS0x21b7S0x190e	CONST
0x280eS0x21b7S0x190e	ADD
0x2812S0x21b7S0x190e	CONST
0x2814S0x21b7S0x190e	MLOAD
0x2817S0x21b7S0x190e	SUB
0x27a8S0x21b7S0x190e	CONST
0x27abS0x21b7S0x190e	CONST
0x27b9S0x21b7S0x190e	MUL
0x27beS0x21b7S0x190e	CONST
0x27c4S0x21b7S0x190e	DIV
0x27c5S0x21b7S0x190e	EQ
0x27c6S0x21b7S0x190e	CONST
0x27b0S0x21b7S0x190e	CONST
0x27b2S0x21b7S0x190e	CONST
0x20480x27a7_0x0S0x21b7S0x190e	PHI
0x1ec3S0x21daS0x190e	CALLER
0x2b1eS0x21d4S0x190e	CONST
0x2b20S0x21d4S0x190e	MLOAD
0x2b21S0x21d4S0x190e	CONST
0x2b44S0x21d4S0x190e	CONST
0x2b46S0x21d4S0x190e	CONST
0x2b49S0x21d4S0x190e	ADD
0x2b4eS0x21d4S0x190e	MLOAD
0x2b4fS0x21d4S0x190e	CONST
0x2b52S0x21d4S0x190e	ADD
0x2b55S0x21d4S0x190e	MLOAD
0x2b5aS0x21d4S0x190e	CONST
0x2b5eS0x21d4S0x190e	ADD
0x2b62S0x21d4S0x190e	ADD
0x2b67S0x21d4S0x190e	CONST
0x2b6aS0x21d4S0x190e	ISZERO
0x2b6bS0x21d4S0x190e	CONST
0x281bS0x21d4S0x190e	CONST
0x281dS0x21d4S0x190e	CONST
0x2822S0x21d4S0x190e	CONST
0x2824S0x21d4S0x190e	MLOAD
0x2826S0x21d4S0x190e	CONST
0x2828S0x21d4S0x190e	ADD
0x2829S0x21d4S0x190e	CONST
0x282dS0x21d4S0x190e	CONST
0x2831S0x21d4S0x190e	CONST
0x2833S0x21d4S0x190e	ADD
0x2834S0x21d4S0x190e	CONST
0x2858S0x21d4S0x190e	CONST
0x2b16S0x21d4S0x190e	CONST
0x2b1aS0x21d4S0x190e	CONST
0x2b80S0x21d4S0x190e	CONST
0x2b85S0x21d4S0x190e	CONST
0x2b8bS0x21d4S0x190e	DIV
0x2b71S0x21d4S0x190e	ADD
0x2b72S0x21d4S0x190e	MLOAD
0x2b75S0x21d4S0x190e	ADD
0x2b77S0x21d4S0x190e	CONST
0x2b79S0x21d4S0x190e	ADD
0x2b7aS0x21d4S0x190e	CONST
0x26dd0x281aS0x21d4S0x190e	CONST
0x26d80x281a_0x0S0x21d4S0x190e	PHI
0x26dc0x281aS0x21d4S0x190e	ISZERO
0x26db0x281aS0x21d4S0x190e	LT
0x26ec0x281aS0x21d4S0x190e	CONST
0x26e10x281a_0x0S0x21d4S0x190e	PHI
0x26eb0x281aS0x21d4S0x190e	ADD
0x26e90x281aS0x21d4S0x190e	CONST
0x26e70x281aS0x21d4S0x190e	ADD
0x26e40x281aS0x21d4S0x190e	MLOAD
0x26e30x281aS0x21d4S0x190e	ADD
0x27000x281aS0x21d4S0x190e	CONST
0x26ff0x281aS0x21d4S0x190e	ISZERO
0x26fd0x281aS0x21d4S0x190e	AND
0x26fb0x281aS0x21d4S0x190e	CONST
0x26f90x281aS0x21d4S0x190e	ADD
0x271a0x281aS0x21d4S0x190e	ADD
0x27180x281aS0x21d4S0x190e	CONST
0x27150x281aS0x21d4S0x190e	AND
0x27140x281aS0x21d4S0x190e	NOT
0x27130x281aS0x21d4S0x190e	SUB
0x27120x281aS0x21d4S0x190e	EXP
0x270f0x281aS0x21d4S0x190e	CONST
0x270e0x281aS0x21d4S0x190e	SUB
0x270c0x281aS0x21d4S0x190e	CONST
0x27090x281aS0x21d4S0x190e	CONST
0x27080x281aS0x21d4S0x190e	MLOAD
0x27060x281aS0x21d4S0x190e	SUB
0x271d0x281a_0x1S0x21d4S0x190e	PHI
0x27280x281aS0x21d4S0x190e	SUB
0x27250x281aS0x21d4S0x190e	MLOAD
0x27230x281aS0x21d4S0x190e	CONST
0x1ec3S0x22daS0x190e	CALLER
0x1ec3S0x2384S0x190e	CALLER
0x24b2S0x1b8e	CONST
0x24b4S0x1b8e	MLOAD
0x24b5S0x1b8e	CONST
0x24d8S0x1b8e	CONST
0x24daS0x1b8e	ADD
0x24ddS0x1b8e	CONST
0x24dfS0x1b8e	ADD
0x24e2S0x1b8e	SUB
0x24e5S0x1b8e	CONST
0x24e9S0x1b8e	CONST
0x24ebS0x1b8e	ADD
0x24edS0x1b8e	CONST
0x24f0S0x1b8e	CONST
0x24f4S0x1b8e	CONST
0x24f6S0x1b8e	ADD
0x24faS0x1b8e	CONST
0x24fcS0x1b8e	MLOAD
0x24ffS0x1b8e	SUB
0x2515S0x1b8e	CONST
0x2518S0x1b8e	SLOAD
0x2519S0x1b8e	CONST
0x253aS0x1b8e	CONST
0x255dS0x1b8e	AND
0x255eS0x1b8e	CONST
0x2561S0x1b8e	OR
0x2562S0x1b8e	AND
0x2563S0x1b8e	CONST
0x2565S0x1b8e	OR
0x25a40x2486S0x1b8e	AND
0x25830x2486S0x1b8e	CONST
0x25820x2486S0x1b8e	SLOAD
0x257f0x2486S0x1b8e	CONST
0x2487S0x1b8e	CONST
0x2489S0x1b8e	SLOAD
0x248aS0x1b8e	CONST
0x248eS0x1b8e	DIV
0x248fS0x1b8e	CONST
0x2491S0x1b8e	AND
0x2493S0x1b8e	CONST
0x24a1S0x1b8e	CONST
0x249f_0x0S0x1b8e	PHI
0x24aeS0x1b8e	CONST
0x24ad_0x0S0x1b8e	PHI
0x2503S0x1b8e	CONST
0x2505S0x1b8e	SLOAD
0x2506S0x1b8e	CONST
0x250aS0x1b8e	DIV
0x250bS0x1b8e	CONST
0x250dS0x1b8e	AND
0x250eS0x1b8e	ISZERO
0x2510S0x1b8e	ISZERO
0x2511S0x1b8e	CONST
0x2569S0x1b8e	CONST
0x256cS0x1b8e	CONST
0x2571S0x1b8e	CONST
0x2574S0x1b8e	CONST
0x2498S0x1b8e	CONST
0x249bS0x1b8e	CONST
0x24a6S0x1b8e	CONST
0x24a8S0x1b8e	SLOAD
0x24a9S0x1b8e	CONST
0x24abS0x1b8e	AND
0x24acS0x1b8e	ISZERO
0x257b0x2486S0x1b8e	CONST
0x257a0x2486S0x1b8e	ISZERO
0x2481S0x2497S0x1b8e	ADDRESS
0x2482S0x2497S0x1b8e	EXTCODESIZE
0x2483S0x2497S0x1b8e	ISZERO
0x2888S0x2568S0x1b8e	CONST
0x288aS0x2568S0x1b8e	MLOAD
0x288bS0x2568S0x1b8e	CONST
0x28aeS0x2568S0x1b8e	CONST
0x28b0S0x2568S0x1b8e	ADD
0x28b3S0x2568S0x1b8e	CONST
0x28b5S0x2568S0x1b8e	ADD
0x28b8S0x2568S0x1b8e	SUB
0x28bbS0x2568S0x1b8e	CONST
0x28bfS0x2568S0x1b8e	CONST
0x28c1S0x2568S0x1b8e	ADD
0x28c3S0x2568S0x1b8e	CONST
0x28c6S0x2568S0x1b8e	CONST
0x28caS0x2568S0x1b8e	CONST
0x28ccS0x2568S0x1b8e	ADD
0x28d0S0x2568S0x1b8e	CONST
0x28d2S0x2568S0x1b8e	MLOAD
0x28d5S0x2568S0x1b8e	SUB
0x28ebS0x2568S0x1b8e	CONST
0x28eeS0x2568S0x1b8e	SLOAD
0x28efS0x2568S0x1b8e	CONST
0x2910S0x2568S0x1b8e	CONST
0x2933S0x2568S0x1b8e	AND
0x2934S0x2568S0x1b8e	CONST
0x2937S0x2568S0x1b8e	OR
0x2938S0x2568S0x1b8e	AND
0x2939S0x2568S0x1b8e	CONST
0x293bS0x2568S0x1b8e	OR
0x293fS0x2568S0x1b8e	ISZERO
0x2940S0x2568S0x1b8e	CONST
0x2944S0x2568S0x1b8e	CONST
0x2947S0x2568S0x1b8e	SLOAD
0x2948S0x2568S0x1b8e	CONST
0x2969S0x2568S0x1b8e	AND
0x25a40x285cS0x2568S0x1b8e	AND
0x25830x285cS0x2568S0x1b8e	CONST
0x25820x285cS0x2568S0x1b8e	SLOAD
0x257f0x285cS0x2568S0x1b8e	CONST
0x285dS0x2568S0x1b8e	CONST
0x285fS0x2568S0x1b8e	SLOAD
0x2860S0x2568S0x1b8e	CONST
0x2864S0x2568S0x1b8e	DIV
0x2865S0x2568S0x1b8e	CONST
0x2867S0x2568S0x1b8e	AND
0x2869S0x2568S0x1b8e	CONST
0x2877S0x2568S0x1b8e	CONST
0x2875_0x0S0x2568S0x1b8e	PHI
0x2884S0x2568S0x1b8e	CONST
0x2883_0x0S0x2568S0x1b8e	PHI
0x28d9S0x2568S0x1b8e	CONST
0x28dbS0x2568S0x1b8e	SLOAD
0x28dcS0x2568S0x1b8e	CONST
0x28e0S0x2568S0x1b8e	DIV
0x28e1S0x2568S0x1b8e	CONST
0x28e3S0x2568S0x1b8e	AND
0x28e4S0x2568S0x1b8e	ISZERO
0x28e6S0x2568S0x1b8e	ISZERO
0x28e7S0x2568S0x1b8e	CONST
0x286eS0x2568S0x1b8e	CONST
0x2871S0x2568S0x1b8e	CONST
0x287cS0x2568S0x1b8e	CONST
0x287eS0x2568S0x1b8e	SLOAD
0x287fS0x2568S0x1b8e	CONST
0x2881S0x2568S0x1b8e	AND
0x2882S0x2568S0x1b8e	ISZERO
0x257b0x285cS0x2568S0x1b8e	CONST
0x257a0x285cS0x2568S0x1b8e	ISZERO
0x2481S0x286dS0x2568S0x1b8e	ADDRESS
0x2482S0x286dS0x2568S0x1b8e	EXTCODESIZE
0x2483S0x286dS0x2568S0x1b8e	ISZERO
0x299aS0x2570S0x1b8e	CONST
0x299cS0x2570S0x1b8e	MLOAD
0x299dS0x2570S0x1b8e	CONST
0x29c0S0x2570S0x1b8e	CONST
0x29c2S0x2570S0x1b8e	ADD
0x29c5S0x2570S0x1b8e	CONST
0x29c7S0x2570S0x1b8e	ADD
0x29caS0x2570S0x1b8e	SUB
0x29cdS0x2570S0x1b8e	CONST
0x29d1S0x2570S0x1b8e	CONST
0x29d3S0x2570S0x1b8e	ADD
0x29d5S0x2570S0x1b8e	CONST
0x29d8S0x2570S0x1b8e	CONST
0x29dcS0x2570S0x1b8e	CONST
0x29deS0x2570S0x1b8e	ADD
0x29e2S0x2570S0x1b8e	CONST
0x29e4S0x2570S0x1b8e	MLOAD
0x29e7S0x2570S0x1b8e	SUB
0x29fdS0x2570S0x1b8e	CONST
0x2a00S0x2570S0x1b8e	SLOAD
0x2a01S0x2570S0x1b8e	CONST
0x2a22S0x2570S0x1b8e	CONST
0x2a45S0x2570S0x1b8e	AND
0x2a46S0x2570S0x1b8e	CONST
0x2a49S0x2570S0x1b8e	OR
0x2a4aS0x2570S0x1b8e	AND
0x2a4bS0x2570S0x1b8e	CONST
0x2a4dS0x2570S0x1b8e	OR
0x2ad4S0x2570S0x1b8e	CONST
0x2ad7S0x2570S0x1b8e	SLOAD
0x2ad8S0x2570S0x1b8e	CONST
0x2af9S0x2570S0x1b8e	AND
0x296fS0x2570S0x1b8e	CONST
0x2971S0x2570S0x1b8e	SLOAD
0x2972S0x2570S0x1b8e	CONST
0x2976S0x2570S0x1b8e	DIV
0x2977S0x2570S0x1b8e	CONST
0x2979S0x2570S0x1b8e	AND
0x297bS0x2570S0x1b8e	CONST
0x2989S0x2570S0x1b8e	CONST
0x2987_0x0S0x2570S0x1b8e	PHI
0x2996S0x2570S0x1b8e	CONST
0x2995_0x0S0x2570S0x1b8e	PHI
0x29ebS0x2570S0x1b8e	CONST
0x29edS0x2570S0x1b8e	SLOAD
0x29eeS0x2570S0x1b8e	CONST
0x29f2S0x2570S0x1b8e	DIV
0x29f3S0x2570S0x1b8e	CONST
0x29f5S0x2570S0x1b8e	AND
0x29f6S0x2570S0x1b8e	ISZERO
0x29f8S0x2570S0x1b8e	ISZERO
0x29f9S0x2570S0x1b8e	CONST
0x2a51S0x2570S0x1b8e	CONST
0x2a53S0x2570S0x1b8e	CONST
0x2a56S0x2570S0x1b8e	CONST
0x2a5bS0x2570S0x1b8e	CONST
0x2a5eS0x2570S0x1b8e	SLOAD
0x2a5fS0x2570S0x1b8e	CONST
0x2a80S0x2570S0x1b8e	AND
0x2a81S0x2570S0x1b8e	CONST
0x2a97S0x2570S0x1b8e	AND
0x2a9aS0x2570S0x1b8e	OR
0x2a9eS0x2570S0x1b8e	CONST
0x2aa0S0x2570S0x1b8e	MLOAD
0x2aa5S0x2570S0x1b8e	CONST
0x2aa8S0x2570S0x1b8e	CONST
0x2acfS0x2570S0x1b8e	ISZERO
0x2ad0S0x2570S0x1b8e	CONST
0x2980S0x2570S0x1b8e	CONST
0x2983S0x2570S0x1b8e	CONST
0x298eS0x2570S0x1b8e	CONST
0x2990S0x2570S0x1b8e	SLOAD
0x2991S0x2570S0x1b8e	CONST
0x2993S0x2570S0x1b8e	AND
0x2994S0x2570S0x1b8e	ISZERO
0x1ec3S0x2a50S0x2570S0x1b8e	CALLER
0x2481S0x297fS0x2570S0x1b8e	ADDRESS
0x2482S0x297fS0x2570S0x1b8e	EXTCODESIZE
0x2483S0x297fS0x2570S0x1b8e	ISZERO
0x2627S0x1f71B0xce8	CONST
0x2632S0x1f71B0xce8	CONST
0x2634S0x1f71B0xce8	MLOAD
0x2635S0x1f71B0xce8	CONST
0x2658S0x1f71B0xce8	CONST
0x265aS0x1f71B0xce8	ADD
0x265dS0x1f71B0xce8	CONST
0x265fS0x1f71B0xce8	ADD
0x2662S0x1f71B0xce8	SUB
0x2665S0x1f71B0xce8	CONST
0x2669S0x1f71B0xce8	CONST
0x266bS0x1f71B0xce8	ADD
0x266dS0x1f71B0xce8	CONST
0x2670S0x1f71B0xce8	CONST
0x2674S0x1f71B0xce8	CONST
0x2676S0x1f71B0xce8	ADD
0x267aS0x1f71B0xce8	CONST
0x267cS0x1f71B0xce8	MLOAD
0x267fS0x1f71B0xce8	SUB
0x260eS0x1f71B0xce8	MLOAD
0x2612S0x1f71B0xce8	ISZERO
0x2613S0x1f71B0xce8	CONST
0x262dS0x1f71B0xce8	MLOAD
0x262eS0x1f71B0xce8	CONST
0x25abS0x1f71B0xce8	CONST
0x25adS0x1f71B0xce8	CONST
0x25b1S0x1f71B0xce8	CONST
0x25b3S0x1f71B0xce8	MLOAD
0x25b5S0x1f71B0xce8	CONST
0x25b7S0x1f71B0xce8	ADD
0x25b8S0x1f71B0xce8	CONST
0x25bcS0x1f71B0xce8	CONST
0x25c0S0x1f71B0xce8	CONST
0x25c2S0x1f71B0xce8	ADD
0x25c3S0x1f71B0xce8	CONST
0x25e8S0x1f71B0xce8	CONST
0x25fdS0x1f71B0xce8	AND
0x25feS0x1f71B0xce8	CONST
0x2605S0x1f71B0xce8	CONST
0x260aS0x1f71B0xce8	AND
0x2619S0x1f71B0xce8	CONST
0x261bS0x1f71B0xce8	ADD
0x261dS0x1f71B0xce8	MLOAD
0x261eS0x1f71B0xce8	CONST
0x2621S0x1f71B0xce8	LT
0x2622S0x1f71B0xce8	ISZERO
0x2623S0x1f71B0xce8	CONST
0x2affS0x25aaS0x1f71B0xce8	CONST
0x2b01S0x25aaS0x1f71B0xce8	CONST
0x2b06S0x25aaS0x1f71B0xce8	CONST
0x2b09S0x25aaS0x1f71B0xce8	CONST
0x2b9fS0x2afeS0x25aaS0x1f71B0xce8	CONST
0x2ba1S0x2afeS0x25aaS0x1f71B0xce8	MLOAD
0x2ba2S0x2afeS0x25aaS0x1f71B0xce8	CONST
0x2bc5S0x2afeS0x25aaS0x1f71B0xce8	CONST
0x2bc7S0x2afeS0x25aaS0x1f71B0xce8	ADD
0x2bcaS0x2afeS0x25aaS0x1f71B0xce8	CONST
0x2bccS0x2afeS0x25aaS0x1f71B0xce8	ADD
0x2bcfS0x2afeS0x25aaS0x1f71B0xce8	SUB
0x2bd2S0x2afeS0x25aaS0x1f71B0xce8	CONST
0x2bd6S0x2afeS0x25aaS0x1f71B0xce8	CONST
0x2bd8S0x2afeS0x25aaS0x1f71B0xce8	ADD
0x2bdaS0x2afeS0x25aaS0x1f71B0xce8	CONST
0x2bddS0x2afeS0x25aaS0x1f71B0xce8	CONST
0x2be1S0x2afeS0x25aaS0x1f71B0xce8	CONST
0x2be3S0x2afeS0x25aaS0x1f71B0xce8	ADD
0x2be7S0x2afeS0x25aaS0x1f71B0xce8	CONST
0x2be9S0x2afeS0x25aaS0x1f71B0xce8	MLOAD
0x2becS0x2afeS0x25aaS0x1f71B0xce8	SUB
0x2bfdS0x2afeS0x25aaS0x1f71B0xce8	CONST
0x2c00S0x2afeS0x25aaS0x1f71B0xce8	MLOAD
0x2c01S0x2afeS0x25aaS0x1f71B0xce8	CONST
0x2c24S0x2afeS0x25aaS0x1f71B0xce8	CONST
0x2c26S0x2afeS0x25aaS0x1f71B0xce8	CONST
0x2c29S0x2afeS0x25aaS0x1f71B0xce8	ADD
0x2c2bS0x2afeS0x25aaS0x1f71B0xce8	CONST
0x2c2dS0x2afeS0x25aaS0x1f71B0xce8	CONST
0x2c30S0x2afeS0x25aaS0x1f71B0xce8	ADD
0x2c32S0x2afeS0x25aaS0x1f71B0xce8	CONST
0x2c53S0x2afeS0x25aaS0x1f71B0xce8	CONST
0x2c56S0x2afeS0x25aaS0x1f71B0xce8	ADD
0x2c59S0x2afeS0x25aaS0x1f71B0xce8	MLOAD
0x2c5dS0x2afeS0x25aaS0x1f71B0xce8	SUB
0x2c5eS0x2afeS0x25aaS0x1f71B0xce8	CONST
0x2c60S0x2afeS0x25aaS0x1f71B0xce8	ADD
0x2d0eS0x2afeS0x25aaS0x1f71B0xce8	CONST
0x2d10S0x2afeS0x25aaS0x1f71B0xce8	MLOAD
0x2d13S0x2afeS0x25aaS0x1f71B0xce8	CONST
0x2d15S0x2afeS0x25aaS0x1f71B0xce8	NOT
0x2d16S0x2afeS0x25aaS0x1f71B0xce8	CONST
0x2d18S0x2afeS0x25aaS0x1f71B0xce8	RETURNDATASIZE
0x2d19S0x2afeS0x25aaS0x1f71B0xce8	ADD
0x2d1aS0x2afeS0x25aaS0x1f71B0xce8	AND
0x2d1cS0x2afeS0x25aaS0x1f71B0xce8	ADD
0x2d1dS0x2afeS0x25aaS0x1f71B0xce8	CONST
0x2d20S0x2afeS0x25aaS0x1f71B0xce8	RETURNDATASIZE
0x2d23S0x2afeS0x25aaS0x1f71B0xce8	RETURNDATASIZE
0x2d24S0x2afeS0x25aaS0x1f71B0xce8	CONST
0x2d26S0x2afeS0x25aaS0x1f71B0xce8	CONST
0x2d29S0x2afeS0x25aaS0x1f71B0xce8	ADD
0x2d2bS0x2afeS0x25aaS0x1f71B0xce8	CONST
0x2b95S0x2afeS0x25aaS0x1f71B0xce8	CONST
0x2b98S0x2afeS0x25aaS0x1f71B0xce8	SELFBALANCE
0x2b99S0x2afeS0x25aaS0x1f71B0xce8	LT
0x2b9aS0x2afeS0x25aaS0x1f71B0xce8	ISZERO
0x2b9bS0x2afeS0x25aaS0x1f71B0xce8	CONST
0x2bf0S0x2afeS0x25aaS0x1f71B0xce8	CONST
0x2bf4S0x2afeS0x25aaS0x1f71B0xce8	CONST
0x2bf9S0x2afeS0x25aaS0x1f71B0xce8	CONST
0x2d50S0x2afeS0x25aaS0x1f71B0xce8	EXTCODESIZE
0x2d51S0x2afeS0x25aaS0x1f71B0xce8	ISZERO
0x2d52S0x2afeS0x25aaS0x1f71B0xce8	ISZERO
0x2c64S0x2afeS0x25aaS0x1f71B0xce8	CONST
0x2c66S0x2afeS0x25aaS0x1f71B0xce8	CONST
0x2c69S0x2afeS0x25aaS0x1f71B0xce8	CONST
0x2c7eS0x2afeS0x25aaS0x1f71B0xce8	AND
0x2c81S0x2afeS0x25aaS0x1f71B0xce8	CONST
0x2c83S0x2afeS0x25aaS0x1f71B0xce8	MLOAD
0x2c87S0x2afeS0x25aaS0x1f71B0xce8	MLOAD
0x2c89S0x2afeS0x25aaS0x1f71B0xce8	CONST
0x2c8bS0x2afeS0x25aaS0x1f71B0xce8	ADD
0x2cceS0x2afeS0x25aaS0x1f71B0xce8	CONST
0x2cd1S0x2afeS0x25aaS0x1f71B0xce8	CONST
0x2cd3S0x2afeS0x25aaS0x1f71B0xce8	SUB
0x2cd4S0x2afeS0x25aaS0x1f71B0xce8	CONST
0x2cd7S0x2afeS0x25aaS0x1f71B0xce8	EXP
0x2cd8S0x2afeS0x25aaS0x1f71B0xce8	SUB
0x2cdaS0x2afeS0x25aaS0x1f71B0xce8	NOT
0x2cdcS0x2afeS0x25aaS0x1f71B0xce8	MLOAD
0x2cddS0x2afeS0x25aaS0x1f71B0xce8	AND
0x2ce0S0x2afeS0x25aaS0x1f71B0xce8	MLOAD
0x2ce1S0x2afeS0x25aaS0x1f71B0xce8	AND
0x2ce4S0x2afeS0x25aaS0x1f71B0xce8	OR
0x2cefS0x2afeS0x25aaS0x1f71B0xce8	ADD
0x2cf3S0x2afeS0x25aaS0x1f71B0xce8	CONST
0x2cf5S0x2afeS0x25aaS0x1f71B0xce8	CONST
0x2cf7S0x2afeS0x25aaS0x1f71B0xce8	MLOAD
0x2cfaS0x2afeS0x25aaS0x1f71B0xce8	SUB
0x2cfeS0x2afeS0x25aaS0x1f71B0xce8	GAS
0x2cffS0x2afeS0x25aaS0x1f71B0xce8	CALL
0x2d04S0x2afeS0x25aaS0x1f71B0xce8	RETURNDATASIZE
0x2d06S0x2afeS0x25aaS0x1f71B0xce8	CONST
0x2d09S0x2afeS0x25aaS0x1f71B0xce8	EQ
0x2d0aS0x2afeS0x25aaS0x1f71B0xce8	CONST
0x2ccd_0x0S0x2afeS0x25aaS0x1f71B0xce8	PHI
0x2ccd_0x1S0x2afeS0x25aaS0x1f71B0xce8	PHI
0x2ccd_0x2S0x2afeS0x25aaS0x1f71B0xce8	PHI
0x2c91S0x2afeS0x25aaS0x1f71B0xce8	CONST
0x2c94S0x2afeS0x25aaS0x1f71B0xce8	LT
0x2c95S0x2afeS0x25aaS0x1f71B0xce8	CONST
0x2c90_0x2S0x2afeS0x25aaS0x1f71B0xce8	PHI
0x2d30S0x2afeS0x25aaS0x1f71B0xce8	CONST
0x2d3aS0x2afeS0x25aaS0x1f71B0xce8	CONST
0x2d40S0x2afeS0x25aaS0x1f71B0xce8	CONST
0x2d34_0x1S0x2afeS0x25aaS0x1f71B0xce8	PHI
0x2c9aS0x2afeS0x25aaS0x1f71B0xce8	MLOAD
0x2c9dS0x2afeS0x25aaS0x1f71B0xce8	CONST
0x2cc0S0x2afeS0x25aaS0x1f71B0xce8	ADD
0x2cc2S0x2afeS0x25aaS0x1f71B0xce8	CONST
0x2cc6S0x2afeS0x25aaS0x1f71B0xce8	ADD
0x2cc8S0x2afeS0x25aaS0x1f71B0xce8	ADD
0x2cc9S0x2afeS0x25aaS0x1f71B0xce8	CONST
0x2c99_0x0S0x2afeS0x25aaS0x1f71B0xce8	PHI
0x2c99_0x1S0x2afeS0x25aaS0x1f71B0xce8	PHI
0x2c99_0x2S0x2afeS0x25aaS0x1f71B0xce8	PHI
0x2d56S0x2d34S0x2afeS0x25aaS0x1f71B0xce8	CONST
0x2d59S0x2d34S0x2afeS0x25aaS0x1f71B0xce8	ISZERO
0x2d5aS0x2d34S0x2afeS0x25aaS0x1f71B0xce8	CONST
0x2d66S0x2d34S0x2afeS0x25aaS0x1f71B0xce8	MLOAD
0x2d67S0x2d34S0x2afeS0x25aaS0x1f71B0xce8	ISZERO
0x2d68S0x2d34S0x2afeS0x25aaS0x1f71B0xce8	CONST
0x2d75S0x2d34S0x2afeS0x25aaS0x1f71B0xce8	CONST
0x2d77S0x2d34S0x2afeS0x25aaS0x1f71B0xce8	MLOAD
0x2d78S0x2d34S0x2afeS0x25aaS0x1f71B0xce8	CONST
0x2d9bS0x2d34S0x2afeS0x25aaS0x1f71B0xce8	CONST
0x2d9dS0x2d34S0x2afeS0x25aaS0x1f71B0xce8	CONST
0x2da0S0x2d34S0x2afeS0x25aaS0x1f71B0xce8	ADD
0x2da5S0x2d34S0x2afeS0x25aaS0x1f71B0xce8	MLOAD
0x2da6S0x2d34S0x2afeS0x25aaS0x1f71B0xce8	CONST
0x2da9S0x2d34S0x2afeS0x25aaS0x1f71B0xce8	ADD
0x2dacS0x2d34S0x2afeS0x25aaS0x1f71B0xce8	MLOAD
0x2db3S0x2d34S0x2afeS0x25aaS0x1f71B0xce8	CONST
0x2db5S0x2d34S0x2afeS0x25aaS0x1f71B0xce8	ADD
0x2db9S0x2d34S0x2afeS0x25aaS0x1f71B0xce8	ADD
0x2dbeS0x2d34S0x2afeS0x25aaS0x1f71B0xce8	CONST
0x2dc1S0x2d34S0x2afeS0x25aaS0x1f71B0xce8	ISZERO
0x2dc2S0x2d34S0x2afeS0x25aaS0x1f71B0xce8	CONST
0x2d60S0x2d34S0x2afeS0x25aaS0x1f71B0xce8	CONST
0x2d6dS0x2d34S0x2afeS0x25aaS0x1f71B0xce8	MLOAD
0x2d70S0x2d34S0x2afeS0x25aaS0x1f71B0xce8	CONST
0x2d72S0x2d34S0x2afeS0x25aaS0x1f71B0xce8	ADD
0x2dc8S0x2d34S0x2afeS0x25aaS0x1f71B0xce8	ADD
0x2dc9S0x2d34S0x2afeS0x25aaS0x1f71B0xce8	MLOAD
0x2dccS0x2d34S0x2afeS0x25aaS0x1f71B0xce8	ADD
0x2dceS0x2d34S0x2afeS0x25aaS0x1f71B0xce8	CONST
0x2dd0S0x2d34S0x2afeS0x25aaS0x1f71B0xce8	ADD
0x2dd1S0x2d34S0x2afeS0x25aaS0x1f71B0xce8	CONST
0x26dd0x2d55S0x2d34S0x2afeS0x25aaS0x1f71B0xce8	CONST
0x26d80x2d55_0x0S0x2d34S0x2afeS0x25aaS0x1f71B0xce8	PHI
0x26dc0x2d55S0x2d34S0x2afeS0x25aaS0x1f71B0xce8	ISZERO
0x26db0x2d55S0x2d34S0x2afeS0x25aaS0x1f71B0xce8	LT
0x26ec0x2d55S0x2d34S0x2afeS0x25aaS0x1f71B0xce8	CONST
0x26e10x2d55_0x0S0x2d34S0x2afeS0x25aaS0x1f71B0xce8	PHI
0x26eb0x2d55S0x2d34S0x2afeS0x25aaS0x1f71B0xce8	ADD
0x26e90x2d55S0x2d34S0x2afeS0x25aaS0x1f71B0xce8	CONST
0x26e70x2d55S0x2d34S0x2afeS0x25aaS0x1f71B0xce8	ADD
0x26e40x2d55S0x2d34S0x2afeS0x25aaS0x1f71B0xce8	MLOAD
0x26e30x2d55S0x2d34S0x2afeS0x25aaS0x1f71B0xce8	ADD
0x27000x2d55S0x2d34S0x2afeS0x25aaS0x1f71B0xce8	CONST
0x26ff0x2d55S0x2d34S0x2afeS0x25aaS0x1f71B0xce8	ISZERO
0x26fd0x2d55S0x2d34S0x2afeS0x25aaS0x1f71B0xce8	AND
0x26fb0x2d55S0x2d34S0x2afeS0x25aaS0x1f71B0xce8	CONST
0x26f90x2d55S0x2d34S0x2afeS0x25aaS0x1f71B0xce8	ADD
0x271a0x2d55S0x2d34S0x2afeS0x25aaS0x1f71B0xce8	ADD
0x27180x2d55S0x2d34S0x2afeS0x25aaS0x1f71B0xce8	CONST
0x27150x2d55S0x2d34S0x2afeS0x25aaS0x1f71B0xce8	AND
0x27140x2d55S0x2d34S0x2afeS0x25aaS0x1f71B0xce8	NOT
0x27130x2d55S0x2d34S0x2afeS0x25aaS0x1f71B0xce8	SUB
0x27120x2d55S0x2d34S0x2afeS0x25aaS0x1f71B0xce8	EXP
0x270f0x2d55S0x2d34S0x2afeS0x25aaS0x1f71B0xce8	CONST
0x270e0x2d55S0x2d34S0x2afeS0x25aaS0x1f71B0xce8	SUB
0x270c0x2d55S0x2d34S0x2afeS0x25aaS0x1f71B0xce8	CONST
0x27090x2d55S0x2d34S0x2afeS0x25aaS0x1f71B0xce8	CONST
0x27080x2d55S0x2d34S0x2afeS0x25aaS0x1f71B0xce8	MLOAD
0x27060x2d55S0x2d34S0x2afeS0x25aaS0x1f71B0xce8	SUB
0x271d0x2d55_0x1S0x2d34S0x2afeS0x25aaS0x1f71B0xce8	PHI
0x27280x2d55S0x2d34S0x2afeS0x25aaS0x1f71B0xce8	SUB
0x27250x2d55S0x2d34S0x2afeS0x25aaS0x1f71B0xce8	MLOAD
0x27230x2d55S0x2d34S0x2afeS0x25aaS0x1f71B0xce8	CONST
0x2627S0x23ebB0x18ed	CONST
0x2632S0x23ebB0x18ed	CONST
0x2634S0x23ebB0x18ed	MLOAD
0x2635S0x23ebB0x18ed	CONST
0x2658S0x23ebB0x18ed	CONST
0x265aS0x23ebB0x18ed	ADD
0x265dS0x23ebB0x18ed	CONST
0x265fS0x23ebB0x18ed	ADD
0x2662S0x23ebB0x18ed	SUB
0x2665S0x23ebB0x18ed	CONST
0x2669S0x23ebB0x18ed	CONST
0x266bS0x23ebB0x18ed	ADD
0x266dS0x23ebB0x18ed	CONST
0x2670S0x23ebB0x18ed	CONST
0x2674S0x23ebB0x18ed	CONST
0x2676S0x23ebB0x18ed	ADD
0x267aS0x23ebB0x18ed	CONST
0x267cS0x23ebB0x18ed	MLOAD
0x267fS0x23ebB0x18ed	SUB
0x260eS0x23ebB0x18ed	MLOAD
0x2612S0x23ebB0x18ed	ISZERO
0x2613S0x23ebB0x18ed	CONST
0x262dS0x23ebB0x18ed	MLOAD
0x262eS0x23ebB0x18ed	CONST
0x25abS0x23ebB0x18ed	CONST
0x25adS0x23ebB0x18ed	CONST
0x25b1S0x23ebB0x18ed	CONST
0x25b3S0x23ebB0x18ed	MLOAD
0x25b5S0x23ebB0x18ed	CONST
0x25b7S0x23ebB0x18ed	ADD
0x25b8S0x23ebB0x18ed	CONST
0x25bcS0x23ebB0x18ed	CONST
0x25c0S0x23ebB0x18ed	CONST
0x25c2S0x23ebB0x18ed	ADD
0x25c3S0x23ebB0x18ed	CONST
0x25e8S0x23ebB0x18ed	CONST
0x25fdS0x23ebB0x18ed	AND
0x25feS0x23ebB0x18ed	CONST
0x2605S0x23ebB0x18ed	CONST
0x260aS0x23ebB0x18ed	AND
0x2619S0x23ebB0x18ed	CONST
0x261bS0x23ebB0x18ed	ADD
0x261dS0x23ebB0x18ed	MLOAD
0x261eS0x23ebB0x18ed	CONST
0x2621S0x23ebB0x18ed	LT
0x2622S0x23ebB0x18ed	ISZERO
0x2623S0x23ebB0x18ed	CONST
0x2affS0x25aaS0x23ebB0x18ed	CONST
0x2b01S0x25aaS0x23ebB0x18ed	CONST
0x2b06S0x25aaS0x23ebB0x18ed	CONST
0x2b09S0x25aaS0x23ebB0x18ed	CONST
0x2b9fS0x2afeS0x25aaS0x23ebB0x18ed	CONST
0x2ba1S0x2afeS0x25aaS0x23ebB0x18ed	MLOAD
0x2ba2S0x2afeS0x25aaS0x23ebB0x18ed	CONST
0x2bc5S0x2afeS0x25aaS0x23ebB0x18ed	CONST
0x2bc7S0x2afeS0x25aaS0x23ebB0x18ed	ADD
0x2bcaS0x2afeS0x25aaS0x23ebB0x18ed	CONST
0x2bccS0x2afeS0x25aaS0x23ebB0x18ed	ADD
0x2bcfS0x2afeS0x25aaS0x23ebB0x18ed	SUB
0x2bd2S0x2afeS0x25aaS0x23ebB0x18ed	CONST
0x2bd6S0x2afeS0x25aaS0x23ebB0x18ed	CONST
0x2bd8S0x2afeS0x25aaS0x23ebB0x18ed	ADD
0x2bdaS0x2afeS0x25aaS0x23ebB0x18ed	CONST
0x2bddS0x2afeS0x25aaS0x23ebB0x18ed	CONST
0x2be1S0x2afeS0x25aaS0x23ebB0x18ed	CONST
0x2be3S0x2afeS0x25aaS0x23ebB0x18ed	ADD
0x2be7S0x2afeS0x25aaS0x23ebB0x18ed	CONST
0x2be9S0x2afeS0x25aaS0x23ebB0x18ed	MLOAD
0x2becS0x2afeS0x25aaS0x23ebB0x18ed	SUB
0x2bfdS0x2afeS0x25aaS0x23ebB0x18ed	CONST
0x2c00S0x2afeS0x25aaS0x23ebB0x18ed	MLOAD
0x2c01S0x2afeS0x25aaS0x23ebB0x18ed	CONST
0x2c24S0x2afeS0x25aaS0x23ebB0x18ed	CONST
0x2c26S0x2afeS0x25aaS0x23ebB0x18ed	CONST
0x2c29S0x2afeS0x25aaS0x23ebB0x18ed	ADD
0x2c2bS0x2afeS0x25aaS0x23ebB0x18ed	CONST
0x2c2dS0x2afeS0x25aaS0x23ebB0x18ed	CONST
0x2c30S0x2afeS0x25aaS0x23ebB0x18ed	ADD
0x2c32S0x2afeS0x25aaS0x23ebB0x18ed	CONST
0x2c53S0x2afeS0x25aaS0x23ebB0x18ed	CONST
0x2c56S0x2afeS0x25aaS0x23ebB0x18ed	ADD
0x2c59S0x2afeS0x25aaS0x23ebB0x18ed	MLOAD
0x2c5dS0x2afeS0x25aaS0x23ebB0x18ed	SUB
0x2c5eS0x2afeS0x25aaS0x23ebB0x18ed	CONST
0x2c60S0x2afeS0x25aaS0x23ebB0x18ed	ADD
0x2d0eS0x2afeS0x25aaS0x23ebB0x18ed	CONST
0x2d10S0x2afeS0x25aaS0x23ebB0x18ed	MLOAD
0x2d13S0x2afeS0x25aaS0x23ebB0x18ed	CONST
0x2d15S0x2afeS0x25aaS0x23ebB0x18ed	NOT
0x2d16S0x2afeS0x25aaS0x23ebB0x18ed	CONST
0x2d18S0x2afeS0x25aaS0x23ebB0x18ed	RETURNDATASIZE
0x2d19S0x2afeS0x25aaS0x23ebB0x18ed	ADD
0x2d1aS0x2afeS0x25aaS0x23ebB0x18ed	AND
0x2d1cS0x2afeS0x25aaS0x23ebB0x18ed	ADD
0x2d1dS0x2afeS0x25aaS0x23ebB0x18ed	CONST
0x2d20S0x2afeS0x25aaS0x23ebB0x18ed	RETURNDATASIZE
0x2d23S0x2afeS0x25aaS0x23ebB0x18ed	RETURNDATASIZE
0x2d24S0x2afeS0x25aaS0x23ebB0x18ed	CONST
0x2d26S0x2afeS0x25aaS0x23ebB0x18ed	CONST
0x2d29S0x2afeS0x25aaS0x23ebB0x18ed	ADD
0x2d2bS0x2afeS0x25aaS0x23ebB0x18ed	CONST
0x2b95S0x2afeS0x25aaS0x23ebB0x18ed	CONST
0x2b98S0x2afeS0x25aaS0x23ebB0x18ed	SELFBALANCE
0x2b99S0x2afeS0x25aaS0x23ebB0x18ed	LT
0x2b9aS0x2afeS0x25aaS0x23ebB0x18ed	ISZERO
0x2b9bS0x2afeS0x25aaS0x23ebB0x18ed	CONST
0x2bf0S0x2afeS0x25aaS0x23ebB0x18ed	CONST
0x2bf4S0x2afeS0x25aaS0x23ebB0x18ed	CONST
0x2bf9S0x2afeS0x25aaS0x23ebB0x18ed	CONST
0x2d50S0x2afeS0x25aaS0x23ebB0x18ed	EXTCODESIZE
0x2d51S0x2afeS0x25aaS0x23ebB0x18ed	ISZERO
0x2d52S0x2afeS0x25aaS0x23ebB0x18ed	ISZERO
0x2c64S0x2afeS0x25aaS0x23ebB0x18ed	CONST
0x2c66S0x2afeS0x25aaS0x23ebB0x18ed	CONST
0x2c69S0x2afeS0x25aaS0x23ebB0x18ed	CONST
0x2c7eS0x2afeS0x25aaS0x23ebB0x18ed	AND
0x2c81S0x2afeS0x25aaS0x23ebB0x18ed	CONST
0x2c83S0x2afeS0x25aaS0x23ebB0x18ed	MLOAD
0x2c87S0x2afeS0x25aaS0x23ebB0x18ed	MLOAD
0x2c89S0x2afeS0x25aaS0x23ebB0x18ed	CONST
0x2c8bS0x2afeS0x25aaS0x23ebB0x18ed	ADD
0x2cceS0x2afeS0x25aaS0x23ebB0x18ed	CONST
0x2cd1S0x2afeS0x25aaS0x23ebB0x18ed	CONST
0x2cd3S0x2afeS0x25aaS0x23ebB0x18ed	SUB
0x2cd4S0x2afeS0x25aaS0x23ebB0x18ed	CONST
0x2cd7S0x2afeS0x25aaS0x23ebB0x18ed	EXP
0x2cd8S0x2afeS0x25aaS0x23ebB0x18ed	SUB
0x2cdaS0x2afeS0x25aaS0x23ebB0x18ed	NOT
0x2cdcS0x2afeS0x25aaS0x23ebB0x18ed	MLOAD
0x2cddS0x2afeS0x25aaS0x23ebB0x18ed	AND
0x2ce0S0x2afeS0x25aaS0x23ebB0x18ed	MLOAD
0x2ce1S0x2afeS0x25aaS0x23ebB0x18ed	AND
0x2ce4S0x2afeS0x25aaS0x23ebB0x18ed	OR
0x2cefS0x2afeS0x25aaS0x23ebB0x18ed	ADD
0x2cf3S0x2afeS0x25aaS0x23ebB0x18ed	CONST
0x2cf5S0x2afeS0x25aaS0x23ebB0x18ed	CONST
0x2cf7S0x2afeS0x25aaS0x23ebB0x18ed	MLOAD
0x2cfaS0x2afeS0x25aaS0x23ebB0x18ed	SUB
0x2cfeS0x2afeS0x25aaS0x23ebB0x18ed	GAS
0x2cffS0x2afeS0x25aaS0x23ebB0x18ed	CALL
0x2d04S0x2afeS0x25aaS0x23ebB0x18ed	RETURNDATASIZE
0x2d06S0x2afeS0x25aaS0x23ebB0x18ed	CONST
0x2d09S0x2afeS0x25aaS0x23ebB0x18ed	EQ
0x2d0aS0x2afeS0x25aaS0x23ebB0x18ed	CONST
0x2ccd_0x0S0x2afeS0x25aaS0x23ebB0x18ed	PHI
0x2ccd_0x1S0x2afeS0x25aaS0x23ebB0x18ed	PHI
0x2ccd_0x2S0x2afeS0x25aaS0x23ebB0x18ed	PHI
0x2c91S0x2afeS0x25aaS0x23ebB0x18ed	CONST
0x2c94S0x2afeS0x25aaS0x23ebB0x18ed	LT
0x2c95S0x2afeS0x25aaS0x23ebB0x18ed	CONST
0x2c90_0x2S0x2afeS0x25aaS0x23ebB0x18ed	PHI
0x2d30S0x2afeS0x25aaS0x23ebB0x18ed	CONST
0x2d3aS0x2afeS0x25aaS0x23ebB0x18ed	CONST
0x2d40S0x2afeS0x25aaS0x23ebB0x18ed	CONST
0x2d34_0x1S0x2afeS0x25aaS0x23ebB0x18ed	PHI
0x2c9aS0x2afeS0x25aaS0x23ebB0x18ed	MLOAD
0x2c9dS0x2afeS0x25aaS0x23ebB0x18ed	CONST
0x2cc0S0x2afeS0x25aaS0x23ebB0x18ed	ADD
0x2cc2S0x2afeS0x25aaS0x23ebB0x18ed	CONST
0x2cc6S0x2afeS0x25aaS0x23ebB0x18ed	ADD
0x2cc8S0x2afeS0x25aaS0x23ebB0x18ed	ADD
0x2cc9S0x2afeS0x25aaS0x23ebB0x18ed	CONST
0x2c99_0x0S0x2afeS0x25aaS0x23ebB0x18ed	PHI
0x2c99_0x1S0x2afeS0x25aaS0x23ebB0x18ed	PHI
0x2c99_0x2S0x2afeS0x25aaS0x23ebB0x18ed	PHI
0x2d56S0x2d34S0x2afeS0x25aaS0x23ebB0x18ed	CONST
0x2d59S0x2d34S0x2afeS0x25aaS0x23ebB0x18ed	ISZERO
0x2d5aS0x2d34S0x2afeS0x25aaS0x23ebB0x18ed	CONST
0x2d66S0x2d34S0x2afeS0x25aaS0x23ebB0x18ed	MLOAD
0x2d67S0x2d34S0x2afeS0x25aaS0x23ebB0x18ed	ISZERO
0x2d68S0x2d34S0x2afeS0x25aaS0x23ebB0x18ed	CONST
0x2d75S0x2d34S0x2afeS0x25aaS0x23ebB0x18ed	CONST
0x2d77S0x2d34S0x2afeS0x25aaS0x23ebB0x18ed	MLOAD
0x2d78S0x2d34S0x2afeS0x25aaS0x23ebB0x18ed	CONST
0x2d9bS0x2d34S0x2afeS0x25aaS0x23ebB0x18ed	CONST
0x2d9dS0x2d34S0x2afeS0x25aaS0x23ebB0x18ed	CONST
0x2da0S0x2d34S0x2afeS0x25aaS0x23ebB0x18ed	ADD
0x2da5S0x2d34S0x2afeS0x25aaS0x23ebB0x18ed	MLOAD
0x2da6S0x2d34S0x2afeS0x25aaS0x23ebB0x18ed	CONST
0x2da9S0x2d34S0x2afeS0x25aaS0x23ebB0x18ed	ADD
0x2dacS0x2d34S0x2afeS0x25aaS0x23ebB0x18ed	MLOAD
0x2db3S0x2d34S0x2afeS0x25aaS0x23ebB0x18ed	CONST
0x2db5S0x2d34S0x2afeS0x25aaS0x23ebB0x18ed	ADD
0x2db9S0x2d34S0x2afeS0x25aaS0x23ebB0x18ed	ADD
0x2dbeS0x2d34S0x2afeS0x25aaS0x23ebB0x18ed	CONST
0x2dc1S0x2d34S0x2afeS0x25aaS0x23ebB0x18ed	ISZERO
0x2dc2S0x2d34S0x2afeS0x25aaS0x23ebB0x18ed	CONST
0x2d60S0x2d34S0x2afeS0x25aaS0x23ebB0x18ed	CONST
0x2d6dS0x2d34S0x2afeS0x25aaS0x23ebB0x18ed	MLOAD
0x2d70S0x2d34S0x2afeS0x25aaS0x23ebB0x18ed	CONST
0x2d72S0x2d34S0x2afeS0x25aaS0x23ebB0x18ed	ADD
0x2dc8S0x2d34S0x2afeS0x25aaS0x23ebB0x18ed	ADD
0x2dc9S0x2d34S0x2afeS0x25aaS0x23ebB0x18ed	MLOAD
0x2dccS0x2d34S0x2afeS0x25aaS0x23ebB0x18ed	ADD
0x2dceS0x2d34S0x2afeS0x25aaS0x23ebB0x18ed	CONST
0x2dd0S0x2d34S0x2afeS0x25aaS0x23ebB0x18ed	ADD
0x2dd1S0x2d34S0x2afeS0x25aaS0x23ebB0x18ed	CONST
0x26dd0x2d55S0x2d34S0x2afeS0x25aaS0x23ebB0x18ed	CONST
0x26d80x2d55_0x0S0x2d34S0x2afeS0x25aaS0x23ebB0x18ed	PHI
0x26dc0x2d55S0x2d34S0x2afeS0x25aaS0x23ebB0x18ed	ISZERO
0x26db0x2d55S0x2d34S0x2afeS0x25aaS0x23ebB0x18ed	LT
0x26ec0x2d55S0x2d34S0x2afeS0x25aaS0x23ebB0x18ed	CONST
0x26e10x2d55_0x0S0x2d34S0x2afeS0x25aaS0x23ebB0x18ed	PHI
0x26eb0x2d55S0x2d34S0x2afeS0x25aaS0x23ebB0x18ed	ADD
0x26e90x2d55S0x2d34S0x2afeS0x25aaS0x23ebB0x18ed	CONST
0x26e70x2d55S0x2d34S0x2afeS0x25aaS0x23ebB0x18ed	ADD
0x26e40x2d55S0x2d34S0x2afeS0x25aaS0x23ebB0x18ed	MLOAD
0x26e30x2d55S0x2d34S0x2afeS0x25aaS0x23ebB0x18ed	ADD
0x27000x2d55S0x2d34S0x2afeS0x25aaS0x23ebB0x18ed	CONST
0x26ff0x2d55S0x2d34S0x2afeS0x25aaS0x23ebB0x18ed	ISZERO
0x26fd0x2d55S0x2d34S0x2afeS0x25aaS0x23ebB0x18ed	AND
0x26fb0x2d55S0x2d34S0x2afeS0x25aaS0x23ebB0x18ed	CONST
0x26f90x2d55S0x2d34S0x2afeS0x25aaS0x23ebB0x18ed	ADD
0x271a0x2d55S0x2d34S0x2afeS0x25aaS0x23ebB0x18ed	ADD
0x27180x2d55S0x2d34S0x2afeS0x25aaS0x23ebB0x18ed	CONST
0x27150x2d55S0x2d34S0x2afeS0x25aaS0x23ebB0x18ed	AND
0x27140x2d55S0x2d34S0x2afeS0x25aaS0x23ebB0x18ed	NOT
0x27130x2d55S0x2d34S0x2afeS0x25aaS0x23ebB0x18ed	SUB
0x27120x2d55S0x2d34S0x2afeS0x25aaS0x23ebB0x18ed	EXP
0x270f0x2d55S0x2d34S0x2afeS0x25aaS0x23ebB0x18ed	CONST
0x270e0x2d55S0x2d34S0x2afeS0x25aaS0x23ebB0x18ed	SUB
0x270c0x2d55S0x2d34S0x2afeS0x25aaS0x23ebB0x18ed	CONST
0x27090x2d55S0x2d34S0x2afeS0x25aaS0x23ebB0x18ed	CONST
0x27080x2d55S0x2d34S0x2afeS0x25aaS0x23ebB0x18ed	MLOAD
0x27060x2d55S0x2d34S0x2afeS0x25aaS0x23ebB0x18ed	SUB
0x271d0x2d55_0x1S0x2d34S0x2afeS0x25aaS0x23ebB0x18ed	PHI
0x27280x2d55S0x2d34S0x2afeS0x25aaS0x23ebB0x18ed	SUB
0x27250x2d55S0x2d34S0x2afeS0x25aaS0x23ebB0x18ed	MLOAD
0x27230x2d55S0x2d34S0x2afeS0x25aaS0x23ebB0x18ed	CONST
0x1296	JUMP
0x12aa	JUMP
0x1416	JUMP
0x142a	JUMP
0x105f	JUMP
0x8c0	JUMP
0xad1	JUMP
0xd80	JUMP
0xfd9	JUMP
0x1057	JUMP
0x1132	JUMP
0x12b2	JUMP
0x1432	JUMP
0x186e	JUMP
0x18ec	JUMP
0x1c75	JUMP
0x1d3e	JUMP
0x10d6	JUMP
0x193e	JUMP
0x70	JUMP
0x96	JUMP
0xc7	JUMP
0xed	JUMP
0x129	JUMP
0x14f	JUMP
0x180	JUMP
0x1af	JUMP
0x1c9	JUMP
0x1e6	JUMP
0x221	JUMP
0x2ed	JUMP
0x334	JUMP
0x33c	JUMP
0x398	JUMP
0x3b5	JUMP
0x3bd	JUMP
0x4fc	JUMP
0x504	JUMP
0x50c	JUMP
0x5af	JUMP
0x652	JUMP
0x675	JUMP
0x67d	JUMP
0x749	JUMP
0x7ff	JUMP
0x844	JUMP
0x84c	JUMP
0x869	JUMP
0x871	JUMP
0x879	JUMP
0x8ac	JUMP
0x8b2	JUMP
0x8b8	JUMP
0x94e	JUMP
0x970	JUMP
0xd2b	JUMP
0xd5a	JUMP
0xe78	JUMP
0x10f2	JUMP
0x110e	JUMP
0x112a	JUMP
0x1535	JUMP
0x1551	JUMP
0x1925	JUMP
0x1c57	JUMP
0x1c60	JUMP
0x1d30	JUMP
0x1d36	JUMP
0x1ec1	JUMP
0x3534	JUMP
0x3564	JUMP
0x3587	JUMP
0x35aa	JUMP
0x35f8	JUMP
0x3628	JUMP
0xabf0x222	JUMP
0xabf0x67e	JUMP
0xabf0x971	JUMP
0x1f280x222	JUMP
0x1f280x67e	JUMP
0x1f280x971	JUMP
0x1f630x222	JUMP
0x1f630x67e	JUMP
0x1f630x971	JUMP
0x1f700x222	JUMP
0x1f700x67e	JUMP
0x1f700x971	JUMP
0x35110x222	JUMP
0x35d30x67e	JUMP
0x30f0	STOP
0x3175	STOP
0x3240	STOP
0x3261	STOP
0x3312	STOP
0x3333	STOP
0x3354	STOP
0x33f0	STOP
0x3411	STOP
0x3496	STOP
0x34e8	STOP
0xb	JUMPI
0x2a	JUMPI
0x35	JUMPI
0xa2	JUMPI
0xf9	JUMPI
0x104	JUMPI
0x15b	JUMPI
0x1db	JUMPI
0x1fa	JUMPI
0x233	JUMPI
0x277	JUMPI
0x289	JUMPI
0x2ab	JUMPI
0x313	JUMPI
0x377	JUMPI
0x3aa	JUMPI
0x3cf	JUMPI
0x3f6	JUMPI
0x408	JUMPI
0x42a	JUMPI
0x486	JUMPI
0x498	JUMPI
0x4ba	JUMPI
0x51e	JUMPI
0x539	JUMPI
0x54b	JUMPI
0x56d	JUMPI
0x5c1	JUMPI
0x5dc	JUMPI
0x5ee	JUMPI
0x610	JUMPI
0x664	JUMPI
0x68f	JUMPI
0x6d3	JUMPI
0x6e5	JUMPI
0x707	JUMPI
0x75b	JUMPI
0x789	JUMPI
0x79b	JUMPI
0x7bd	JUMPI
0x811	JUMPI
0x85e	JUMPI
0x88b	JUMPI
0x8e3	JUMPI
0x966	JUMPI
0x97b	JUMPI
0xaf4	JUMPI
0xb76	JUMPI
0xc49	JUMPI
0xc58	JUMPI
0xc73	JUMPI
0xc81	JUMPI
0xd66	JUMPI
0xda3	JUMPI
0xe84	JUMPI
0xef7	JUMPI
0xf68	JUMPI
0xfe6	JUMPI
0x1064	JUMPI
0x1155	JUMPI
0x11c5	JUMPI
0x1234	JUMPI
0x1253	JUMPI
0x1272	JUMPI
0x12d5	JUMPI
0x1345	JUMPI
0x13b4	JUMPI
0x13d3	JUMPI
0x13f2	JUMPI
0x1455	JUMPI
0x14c4	JUMPI
0x169b	JUMPI
0x170e	JUMPI
0x177f	JUMPI
0x17f1	JUMPI
0x17fd	JUMPI
0x187b	JUMPI
0x1936	JUMPI
0x1944	JUMPI
0x1951	JUMPI
0x19b4	JUMPI
0x1a23	JUMPI
0x1aa5	JUMPI
0x1b27	JUMPI
0x1c29	JUMPI
0x1c6c	JUMPI
0x1c98	JUMPI
0x1d61	JUMPI
0x1de3	JUMPI
0x3789	JUMPI
0x378b	JUMPI
0x378d	JUMPI
0x378f	JUMPI
0x3791	JUMPI
0x3793	JUMPI
0x3795	JUMPI
0x3797	JUMPI
0x3799	JUMPI
0x379b	JUMPI
0x379d	JUMPI
0x379f	JUMPI
0x37a1	JUMPI
0x37a3	JUMPI
0x37a5	JUMPI
0x37a7	JUMPI
0x37a9	JUMPI
0x37ab	JUMPI
0x37ad	JUMPI
0x37af	JUMPI
0x37b1	JUMPI
0x37b3	JUMPI
0x37b5	JUMPI
0x37b7	JUMPI
0x37b9	JUMPI
0x37bb	JUMPI
0x97b0x222	JUMPI
0x9eb0x222	JUMPI
0x9eb0x971	JUMPI
0xaad0x222	JUMPI
0xaad0x971	JUMPI
0x155c0x67e	JUMPI
0x15cc0x67e	JUMPI
0x168e0x67e	JUMPI
0x1ed40x222	JUMPI
0x1ed40x67e	JUMPI
0x1ed40x971	JUMPI
0x1ee00x222	JUMPI
0x1ee00x67e	JUMPI
0x1ee00x971	JUMPI
0x1ef30x222	JUMPI
0x1ef30x67e	JUMPI
0x1ef30x971	JUMPI
0x309e	RETURN
0x30cf	RETURN
0x3121	RETURN
0x3154	RETURN
0x31bd	RETURN
0x31ee	RETURN
0x321f	RETURN
0x32a9	RETURN
0x32f1	RETURN
0x339c	RETURN
0x33cf	RETURN
0x3444	RETURN
0x3475	RETURN
0x34c7	RETURN
0x1a7	REVERT
0x1df	REVERT
0x1fe	REVERT
0x237	REVERT
0x27b	REVERT
0x28d	REVERT
0x2af	REVERT
0x317	REVERT
0x37b	REVERT
0x3ae	REVERT
0x3d3	REVERT
0x3fa	REVERT
0x40c	REVERT
0x42e	REVERT
0x48a	REVERT
0x49c	REVERT
0x4be	REVERT
0x522	REVERT
0x53d	REVERT
0x54f	REVERT
0x571	REVERT
0x5c5	REVERT
0x5e0	REVERT
0x5f2	REVERT
0x614	REVERT
0x668	REVERT
0x693	REVERT
0x6d7	REVERT
0x6e9	REVERT
0x70b	REVERT
0x75f	REVERT
0x78d	REVERT
0x79f	REVERT
0x7c1	REVERT
0x815	REVERT
0x862	REVERT
0x88f	REVERT
0x949	REVERT
0xb5a	REVERT
0xbdc	REVERT
0xc4d	REVERT
0xc61	REVERT
0xc77	REVERT
0xce7	REVERT
0xe09	REVERT
0xeea	REVERT
0xf5d	REVERT
0xfce	REVERT
0x104c	REVERT
0x10ca	REVERT
0x11bb	REVERT
0x122b	REVERT
0x1257	REVERT
0x133b	REVERT
0x13ab	REVERT
0x13d7	REVERT
0x14bb	REVERT
0x152a	REVERT
0x1701	REVERT
0x1774	REVERT
0x17e5	REVERT
0x1863	REVERT
0x18e1	REVERT
0x19a1	REVERT
0x1a89	REVERT
0x1b0b	REVERT
0x1b8d	REVERT
0x1cfe	REVERT
0x1dc7	REVERT
0x1e33	REVERT
0x2f71	REVERT
0x2f95	REVERT
0x2fb9	REVERT
0x2fdd	REVERT
0x3001	REVERT
0x3025	REVERT
0x3049	REVERT
0x306d	REVERT
0x9e10x222	REVERT
0x9e10x971	REVERT
0xa510x222	REVERT
0xa510x971	REVERT
0x15c20x67e	REVERT
0x16320x67e	REVERT
0x1993	CODECOPY
0x1e25	CODECOPY
0x2d7	CALLDATACOPY
0x456	CALLDATACOPY
0x4e6	CALLDATACOPY
0x599	CALLDATACOPY
0x63c	CALLDATACOPY
0x733	CALLDATACOPY
0x7e9	CALLDATACOPY
0x127e	CALLDATACOPY
0x13fe	CALLDATACOPY
0x2c3	MSTORE
0x2cb	MSTORE
0x2df	MSTORE
0x442	MSTORE
0x44a	MSTORE
0x45e	MSTORE
0x4d2	MSTORE
0x4da	MSTORE
0x4ee	MSTORE
0x585	MSTORE
0x58d	MSTORE
0x5a1	MSTORE
0x628	MSTORE
0x630	MSTORE
0x644	MSTORE
0x71f	MSTORE
0x727	MSTORE
0x73b	MSTORE
0x7d5	MSTORE
0x7dd	MSTORE
0x7f1	MSTORE
0x90a	MSTORE
0x913	MSTORE
0x918	MSTORE
0x93e	MSTORE
0x954	MSTORE
0x958	MSTORE
0xb1b	MSTORE
0xb24	MSTORE
0xb29	MSTORE
0xb4f	MSTORE
0xb9d	MSTORE
0xba4	MSTORE
0xbab	MSTORE
0xbd1	MSTORE
0xc07	MSTORE
0xc0d	MSTORE
0xca8	MSTORE
0xcaf	MSTORE
0xcb6	MSTORE
0xcdc	MSTORE
0xd47	MSTORE
0xd4c	MSTORE
0xdca	MSTORE
0xdd3	MSTORE
0xdd8	MSTORE
0xdfe	MSTORE
0xeab	MSTORE
0xeb2	MSTORE
0xeb9	MSTORE
0xedf	MSTORE
0xf1e	MSTORE
0xf25	MSTORE
0xf2c	MSTORE
0xf52	MSTORE
0xf8f	MSTORE
0xf96	MSTORE
0xf9d	MSTORE
0xfc3	MSTORE
0x100d	MSTORE
0x1014	MSTORE
0x101b	MSTORE
0x1041	MSTORE
0x108b	MSTORE
0x1092	MSTORE
0x1099	MSTORE
0x10bf	MSTORE
0x117c	MSTORE
0x1185	MSTORE
0x118a	MSTORE
0x11b0	MSTORE
0x11ec	MSTORE
0x11f3	MSTORE
0x11fa	MSTORE
0x1220	MSTORE
0x1260	MSTORE
0x126c	MSTORE
0x12fc	MSTORE
0x1305	MSTORE
0x130a	MSTORE
0x1330	MSTORE
0x136c	MSTORE
0x1373	MSTORE
0x137a	MSTORE
0x13a0	MSTORE
0x13e0	MSTORE
0x13ec	MSTORE
0x147c	MSTORE
0x1485	MSTORE
0x148a	MSTORE
0x14b0	MSTORE
0x14eb	MSTORE
0x14f2	MSTORE
0x14f9	MSTORE
0x151f	MSTORE
0x16c2	MSTORE
0x16c9	MSTORE
0x16d0	MSTORE
0x16f6	MSTORE
0x1735	MSTORE
0x173c	MSTORE
0x1743	MSTORE
0x1769	MSTORE
0x17a6	MSTORE
0x17ad	MSTORE
0x17b4	MSTORE
0x17da	MSTORE
0x1824	MSTORE
0x182b	MSTORE
0x1832	MSTORE
0x1858	MSTORE
0x18a2	MSTORE
0x18a9	MSTORE
0x18b0	MSTORE
0x18d6	MSTORE
0x1977	MSTORE
0x1984	MSTORE
0x1988	MSTORE
0x1a4a	MSTORE
0x1a51	MSTORE
0x1a58	MSTORE
0x1a7e	MSTORE
0x1acc	MSTORE
0x1ad3	MSTORE
0x1ada	MSTORE
0x1b00	MSTORE
0x1b4e	MSTORE
0x1b55	MSTORE
0x1b5c	MSTORE
0x1b82	MSTORE
0x1cbf	MSTORE
0x1cc8	MSTORE
0x1ccd	MSTORE
0x1cf3	MSTORE
0x1d88	MSTORE
0x1d91	MSTORE
0x1d96	MSTORE
0x1dbc	MSTORE
0x1e09	MSTORE
0x1e16	MSTORE
0x1e1a	MSTORE
0x3094	MSTORE
0x30c5	MSTORE
0x3117	MSTORE
0x314a	MSTORE
0x31b3	MSTORE
0x31e4	MSTORE
0x3215	MSTORE
0x329f	MSTORE
0x32e7	MSTORE
0x3392	MSTORE
0x33c5	MSTORE
0x343a	MSTORE
0x346b	MSTORE
0x34bd	MSTORE
0x3559	MSTORE
0x361d	MSTORE
0x9a20x222	MSTORE
0x9a90x222	MSTORE
0x9b00x222	MSTORE
0x9d60x222	MSTORE
0x9a20x971	MSTORE
0x9a90x971	MSTORE
0x9b00x971	MSTORE
0x9d60x971	MSTORE
0xa120x222	MSTORE
0xa190x222	MSTORE
0xa200x222	MSTORE
0xa460x222	MSTORE
0xa120x971	MSTORE
0xa190x971	MSTORE
0xa200x971	MSTORE
0xa460x971	MSTORE
0xa790x222	MSTORE
0xa7f0x222	MSTORE
0xa910x222	MSTORE
0xa950x222	MSTORE
0xa790x971	MSTORE
0xa7f0x971	MSTORE
0xa910x971	MSTORE
0xa950x971	MSTORE
0xab30x222	MSTORE
0xab30x67e	MSTORE
0xab30x971	MSTORE
0x15830x67e	MSTORE
0x158a0x67e	MSTORE
0x15910x67e	MSTORE
0x15b70x67e	MSTORE
0x15f30x67e	MSTORE
0x15fa0x67e	MSTORE
0x16010x67e	MSTORE
0x16270x67e	MSTORE
0x165a0x67e	MSTORE
0x16600x67e	MSTORE
0x16720x67e	MSTORE
0x16760x67e	MSTORE
0x1eff0x222	MSTORE
0x1f050x222	MSTORE
0x1f170x222	MSTORE
0x1f1b0x222	MSTORE
0x1eff0x67e	MSTORE
0x1f050x67e	MSTORE
0x1f170x67e	MSTORE
0x1f1b0x67e	MSTORE
0x1eff0x971	MSTORE
0x1f050x971	MSTORE
0x1f170x971	MSTORE
0x1f1b0x971	MSTORE
0x1f350x222	MSTORE
0x1f3b0x222	MSTORE
0x1f4d0x222	MSTORE
0x1f510x222	MSTORE
0x1f350x67e	MSTORE
0x1f3b0x67e	MSTORE
0x1f4d0x67e	MSTORE
0x1f510x67e	MSTORE
0x1f350x971	MSTORE
0x1f3b0x971	MSTORE
0x1f4d0x971	MSTORE
0x1f510x971	MSTORE
0x94d	SSTORE
0xe77	SSTORE
0xef0	SSTORE
0x10ec	SSTORE
0x1531	SSTORE
0x1534	SSTORE
0x1707	SSTORE
0x1921	SSTORE
0x1a07	SSTORE
0x1bda	SSTORE
0x1be7	SSTORE
0x1bf8	SSTORE
0x1c23	SSTORE
0x1c51	SSTORE
0x1d2f	SSTORE
0x1ec0	SSTORE
0xe4f	LOG3
0x1e7b	LOG3
0xc5d	RETURNDATACOPY
0xd0b	JUMP
0x10e4	JUMP
0x123f	JUMP
0x13bf	JUMP
0x190d	JUMP
0x1919	JUMP
0x1b95	JUMP
0x37be	CALLPRIVATE
0x37c1	CALLPRIVATE
0x37c4	CALLPRIVATE
0x37c7	CALLPRIVATE
0x37ca	CALLPRIVATE
0x37cd	CALLPRIVATE
0x37d0	CALLPRIVATE
0x37d3	CALLPRIVATE
0x37d6	CALLPRIVATE
0x37d9	CALLPRIVATE
0x37dc	CALLPRIVATE
0x37df	CALLPRIVATE
0x37e2	CALLPRIVATE
0x37e5	CALLPRIVATE
0x37e8	CALLPRIVATE
0x37eb	CALLPRIVATE
0x37ee	CALLPRIVATE
0x37f1	CALLPRIVATE
0x37f4	CALLPRIVATE
0x37f7	CALLPRIVATE
0x37fa	CALLPRIVATE
0x37fd	CALLPRIVATE
0x3800	CALLPRIVATE
0x3803	CALLPRIVATE
0x3806	CALLPRIVATE
0x3809	CALLPRIVATE
0x35110x971	RETURNPRIVATE
0x967	THROW
0xd67	THROW
0x1c6d	THROW
0xaae0x222	THROW
0xaae0x971	THROW
0x168f0x67e	THROW
0x1ee10x222	THROW
0x1ee10x67e	THROW
0x1ee10x971	THROW
0x1ec5S0x8b9	JUMP
0x1ec5S0xaca	JUMP
0x1ec5S0xd79	JUMP
0x1ec5S0x112b	JUMP
0x1ec5S0x12ab	JUMP
0x1ec5S0x142b	JUMP
0x1ec5S0x1c6e	JUMP
0x1ec5S0x1d37	JUMP
0x1f91S0xce8	MSTORE
0x1f99S0xce8	MSTORE
0x1fa3S0xce8	MSTORE
0x1fabS0xce8	MSTORE
0x1ff3S0xce8	MSTORE
0x1ffdS0xce8	JUMP
0x364cS0xce8	JUMP
0x1ec5S0xfcf	JUMP
0x1ec5S0x104d	JUMP
0x1ee00x1552S0x1058	JUMPI
0x16320x1552S0x1058	REVERT
0x15f30x1552S0x1058	MSTORE
0x15fa0x1552S0x1058	MSTORE
0x16010x1552S0x1058	MSTORE
0x16270x1552S0x1058	MSTORE
0x15c20x1552S0x1058	REVERT
0x15830x1552S0x1058	MSTORE
0x158a0x1552S0x1058	MSTORE
0x15910x1552S0x1058	MSTORE
0x15b70x1552S0x1058	MSTORE
0x168f0x1552S0x1058	THROW
0x1ee10x1552S0x1058	THROW
0x155cS0x1058	JUMPI
0xabf0x1552S0x1058	JUMP
0xab30x1552S0x1058	MSTORE
0x15cc0x1552S0x1058	JUMPI
0x168e0x1552S0x1058	JUMPI
0x165a0x1552S0x1058	MSTORE
0x16600x1552S0x1058	MSTORE
0x16720x1552S0x1058	MSTORE
0x16760x1552S0x1058	MSTORE
0x1ed40x1552S0x1058	JUMPI
0x1ef30x1552S0x1058	JUMPI
0x1f280x1552S0x1058	JUMP
0x1eff0x1552S0x1058	MSTORE
0x1f050x1552S0x1058	MSTORE
0x1f170x1552S0x1058	MSTORE
0x1f1b0x1552S0x1058	MSTORE
0x1f350x1552S0x1058	MSTORE
0x1f3b0x1552S0x1058	MSTORE
0x1f4d0x1552S0x1058	MSTORE
0x1f510x1552S0x1058	MSTORE
0x1f630x1552S0x1058	JUMP
0x1f700x1552S0x1058	JUMP
0x35d30x1552S0x1058	JUMP
0x26b3S0x10cb	MSTORE
0x26c0S0x10cb	MSTORE
0x26c6S0x10cb	MSTORE
0x2044S0x10cb	JUMP
0x2014S0x10cb	MSTORE
0x2019S0x10cb	MSTORE
0x203fS0x10cb	MSTORE
0x268dS0x10cb	JUMPI
0x2732S0x10cb	JUMP
0x204d0x2003S0x10cb	JUMP
0x26e00x2003S0x10cb	JUMPI
0x26ef0x2003S0x10cb	JUMP
0x26e80x2003S0x10cb	MSTORE
0x27030x2003S0x10cb	JUMPI
0x27170x2003S0x10cb	MSTORE
0x272a0x2003S0x10cb	REVERT
0x1ec5S0x1864	JUMP
0x1ec5S0x18e2	JUMP
0x240cS0x18ed	MSTORE
0x2413S0x18ed	MSTORE
0x241bS0x18ed	MSTORE
0x2425S0x18ed	MSTORE
0x242dS0x18ed	MSTORE
0x2475S0x18ed	MSTORE
0x247fS0x18ed	JUMP
0x3671S0x18ed	JUMP
0x2485S0x1937	JUMP
0x2df2S0x1235	JUMP
0x2de0S0x1235	MSTORE
0x2ddcS0x1235	SSTORE
0x3741S0x1235	JUMP
0x2e52S0x2dd5S0x1235	JUMP
0x2e4bS0x2dd5S0x1235	SSTORE
0x3787S0x2dd5S0x1235	JUMP
0x2e47S0x2dd5S0x1235	JUMPI
0x2df2S0x13b5	JUMP
0x2de0S0x13b5	MSTORE
0x2ddcS0x13b5	SSTORE
0x3741S0x13b5	JUMP
0x2e52S0x2dd5S0x13b5	JUMP
0x2e4bS0x2dd5S0x13b5	SSTORE
0x3787S0x2dd5S0x13b5	JUMP
0x2e47S0x2dd5S0x13b5	JUMPI
0x213aS0x10d7	REVERT
0x20fbS0x10d7	MSTORE
0x2102S0x10d7	MSTORE
0x2109S0x10d7	MSTORE
0x212fS0x10d7	MSTORE
0x21b6S0x10d7	REVERT
0x2177S0x10d7	MSTORE
0x217eS0x10d7	MSTORE
0x2185S0x10d7	MSTORE
0x21abS0x10d7	MSTORE
0x22c5S0x10d7	REVERT
0x22d9S0x10d7	REVERT
0x22d5S0x10d7	RETURNDATACOPY
0x2359S0x10d7	REVERT
0x236dS0x10d7	REVERT
0x2369S0x10d7	RETURNDATACOPY
0x2383S0x10d7	REVERT
0x27a6S0x10d7	REVERT
0x2767S0x10d7	MSTORE
0x276eS0x10d7	MSTORE
0x2775S0x10d7	MSTORE
0x279bS0x10d7	MSTORE
0x20a5S0x10d7	THROW
0x20c1S0x10d7	THROW
0x222eS0x10d7	THROW
0x224aS0x10d7	THROW
0x205fS0x10d7	JUMP
0x20d4S0x10d7	JUMPI
0x20a4S0x10d7	JUMPI
0x208eS0x10d7	MSTORE
0x2094S0x10d7	MSTORE
0x20c0S0x10d7	JUMPI
0x20c9S0x10d7	JUMP
0x2740S0x10d7	JUMPI
0x2144S0x10d7	JUMPI
0x2150S0x10d7	JUMPI
0x21d3S0x10d7	JUMP
0x21e8S0x10d7	JUMP
0x21d9S0x10d7	JUMP
0x222dS0x10d7	JUMPI
0x2217S0x10d7	MSTORE
0x221dS0x10d7	MSTORE
0x2249S0x10d7	JUMPI
0x22c1S0x10d7	JUMPI
0x2277S0x10d7	MSTORE
0x227dS0x10d7	MSTORE
0x2284S0x10d7	MSTORE
0x224dS0x10d7	SSTORE
0x22d0S0x10d7	JUMPI
0x2305S0x10d7	JUMP
0x2355S0x10d7	JUMPI
0x2316S0x10d7	MSTORE
0x2333S0x10d7	MSTORE
0x2339S0x10d7	MSTORE
0x2364S0x10d7	JUMPI
0x237fS0x10d7	JUMPI
0x238eS0x10d7	JUMP
0x23cfS0x10d7	MSTORE
0x23d5S0x10d7	MSTORE
0x23e4S0x10d7	LOG2
0x23eaS0x10d7	JUMP
0x204d0x204eS0x10d7	JUMP
0x1ec5S0x204eS0x10d7	JUMP
0x2819S0x21b7S0x10d7	REVERT
0x280bS0x21b7S0x10d7	CODECOPY
0x27efS0x21b7S0x10d7	MSTORE
0x27fcS0x21b7S0x10d7	MSTORE
0x2800S0x21b7S0x10d7	MSTORE
0x27c2S0x21b7S0x10d7	THROW
0x27aeS0x21b7S0x10d7	JUMPI
0x27c1S0x21b7S0x10d7	JUMPI
0x27c9S0x21b7S0x10d7	JUMPI
0x27b5S0x21b7S0x10d7	JUMP
0x204d0x27a7S0x21b7S0x10d7	JUMP
0x1ec5S0x21daS0x10d7	JUMP
0x2b6eS0x21d4S0x10d7	JUMPI
0x2b43S0x21d4S0x10d7	MSTORE
0x2b4cS0x21d4S0x10d7	MSTORE
0x2b53S0x21d4S0x10d7	MSTORE
0x2b89S0x21d4S0x10d7	THROW
0x285bS0x21d4S0x10d7	JUMP
0x282bS0x21d4S0x10d7	MSTORE
0x2830S0x21d4S0x10d7	MSTORE
0x2856S0x21d4S0x10d7	MSTORE
0x2b1dS0x21d4S0x10d7	JUMPI
0x2b88S0x21d4S0x10d7	JUMPI
0x2b93S0x21d4S0x10d7	JUMP
0x2b7dS0x21d4S0x10d7	JUMP
0x2b76S0x21d4S0x10d7	MSTORE
0x204d0x281aS0x21d4S0x10d7	JUMP
0x26e00x281aS0x21d4S0x10d7	JUMPI
0x26ef0x281aS0x21d4S0x10d7	JUMP
0x26e80x281aS0x21d4S0x10d7	MSTORE
0x27030x281aS0x21d4S0x10d7	JUMPI
0x27170x281aS0x21d4S0x10d7	MSTORE
0x272a0x281aS0x21d4S0x10d7	REVERT
0x1ec5S0x22daS0x10d7	JUMP
0x1ec5S0x2384S0x10d7	JUMP
0x2e0cS0x1282	JUMPI
0x2dfdS0x1282	MSTORE
0x2df9S0x1282	SSTORE
0x2e39S0x1282	JUMP
0x2e1bS0x1282	JUMPI
0x3764S0x1282	JUMP
0x2e2dS0x1282	JUMP
0x2e1fS0x1282	SSTORE
0x2e52S0x2e2eS0x1282	JUMP
0x2e4bS0x2e2eS0x1282	SSTORE
0x3787S0x2e2eS0x1282	JUMP
0x2e47S0x2e2eS0x1282	JUMPI
0x2e0cS0x1297	JUMPI
0x2dfdS0x1297	MSTORE
0x2df9S0x1297	SSTORE
0x2e39S0x1297	JUMP
0x2e1bS0x1297	JUMPI
0x3764S0x1297	JUMP
0x2e2dS0x1297	JUMP
0x2e1fS0x1297	SSTORE
0x2e52S0x2e2eS0x1297	JUMP
0x2e4bS0x2e2eS0x1297	SSTORE
0x3787S0x2e2eS0x1297	JUMP
0x2e47S0x2e2eS0x1297	JUMPI
0x2e0cS0x1402	JUMPI
0x2dfdS0x1402	MSTORE
0x2df9S0x1402	SSTORE
0x2e39S0x1402	JUMP
0x2e1bS0x1402	JUMPI
0x3764S0x1402	JUMP
0x2e2dS0x1402	JUMP
0x2e1fS0x1402	SSTORE
0x2e52S0x2e2eS0x1402	JUMP
0x2e4bS0x2e2eS0x1402	SSTORE
0x3787S0x2e2eS0x1402	JUMP
0x2e47S0x2e2eS0x1402	JUMPI
0x2e0cS0x1417	JUMPI
0x2dfdS0x1417	MSTORE
0x2df9S0x1417	SSTORE
0x2e39S0x1417	JUMP
0x2e1bS0x1417	JUMPI
0x3764S0x1417	JUMP
0x2e2dS0x1417	JUMP
0x2e1fS0x1417	SSTORE
0x2e52S0x2e2eS0x1417	JUMP
0x2e4bS0x2e2eS0x1417	SSTORE
0x3787S0x2e2eS0x1417	JUMP
0x2e47S0x2e2eS0x1417	JUMPI
0x213aS0x190e	REVERT
0x20fbS0x190e	MSTORE
0x2102S0x190e	MSTORE
0x2109S0x190e	MSTORE
0x212fS0x190e	MSTORE
0x21b6S0x190e	REVERT
0x2177S0x190e	MSTORE
0x217eS0x190e	MSTORE
0x2185S0x190e	MSTORE
0x21abS0x190e	MSTORE
0x22c5S0x190e	REVERT
0x22d9S0x190e	REVERT
0x22d5S0x190e	RETURNDATACOPY
0x2359S0x190e	REVERT
0x236dS0x190e	REVERT
0x2369S0x190e	RETURNDATACOPY
0x2383S0x190e	REVERT
0x27a6S0x190e	REVERT
0x2767S0x190e	MSTORE
0x276eS0x190e	MSTORE
0x2775S0x190e	MSTORE
0x279bS0x190e	MSTORE
0x20a5S0x190e	THROW
0x20c1S0x190e	THROW
0x222eS0x190e	THROW
0x224aS0x190e	THROW
0x205fS0x190e	JUMP
0x20d4S0x190e	JUMPI
0x20a4S0x190e	JUMPI
0x208eS0x190e	MSTORE
0x2094S0x190e	MSTORE
0x20c0S0x190e	JUMPI
0x20c9S0x190e	JUMP
0x2740S0x190e	JUMPI
0x2144S0x190e	JUMPI
0x2150S0x190e	JUMPI
0x21d3S0x190e	JUMP
0x21e8S0x190e	JUMP
0x21d9S0x190e	JUMP
0x222dS0x190e	JUMPI
0x2217S0x190e	MSTORE
0x221dS0x190e	MSTORE
0x2249S0x190e	JUMPI
0x22c1S0x190e	JUMPI
0x2277S0x190e	MSTORE
0x227dS0x190e	MSTORE
0x2284S0x190e	MSTORE
0x224dS0x190e	SSTORE
0x22d0S0x190e	JUMPI
0x2305S0x190e	JUMP
0x2355S0x190e	JUMPI
0x2316S0x190e	MSTORE
0x2333S0x190e	MSTORE
0x2339S0x190e	MSTORE
0x2364S0x190e	JUMPI
0x237fS0x190e	JUMPI
0x238eS0x190e	JUMP
0x23cfS0x190e	MSTORE
0x23d5S0x190e	MSTORE
0x23e4S0x190e	LOG2
0x23eaS0x190e	JUMP
0x204d0x204eS0x190e	JUMP
0x1ec5S0x204eS0x190e	JUMP
0x2819S0x21b7S0x190e	REVERT
0x280bS0x21b7S0x190e	CODECOPY
0x27efS0x21b7S0x190e	MSTORE
0x27fcS0x21b7S0x190e	MSTORE
0x2800S0x21b7S0x190e	MSTORE
0x27c2S0x21b7S0x190e	THROW
0x27aeS0x21b7S0x190e	JUMPI
0x27c1S0x21b7S0x190e	JUMPI
0x27c9S0x21b7S0x190e	JUMPI
0x27b5S0x21b7S0x190e	JUMP
0x204d0x27a7S0x21b7S0x190e	JUMP
0x1ec5S0x21daS0x190e	JUMP
0x2b6eS0x21d4S0x190e	JUMPI
0x2b43S0x21d4S0x190e	MSTORE
0x2b4cS0x21d4S0x190e	MSTORE
0x2b53S0x21d4S0x190e	MSTORE
0x2b89S0x21d4S0x190e	THROW
0x285bS0x21d4S0x190e	JUMP
0x282bS0x21d4S0x190e	MSTORE
0x2830S0x21d4S0x190e	MSTORE
0x2856S0x21d4S0x190e	MSTORE
0x2b1dS0x21d4S0x190e	JUMPI
0x2b88S0x21d4S0x190e	JUMPI
0x2b93S0x21d4S0x190e	JUMP
0x2b7dS0x21d4S0x190e	JUMP
0x2b76S0x21d4S0x190e	MSTORE
0x204d0x281aS0x21d4S0x190e	JUMP
0x26e00x281aS0x21d4S0x190e	JUMPI
0x26ef0x281aS0x21d4S0x190e	JUMP
0x26e80x281aS0x21d4S0x190e	MSTORE
0x27030x281aS0x21d4S0x190e	JUMPI
0x27170x281aS0x21d4S0x190e	MSTORE
0x272a0x281aS0x21d4S0x190e	REVERT
0x1ec5S0x22daS0x190e	JUMP
0x1ec5S0x2384S0x190e	JUMP
0x2501S0x1b8e	REVERT
0x24f3S0x1b8e	CODECOPY
0x24d7S0x1b8e	MSTORE
0x24e4S0x1b8e	MSTORE
0x24e8S0x1b8e	MSTORE
0x2567S0x1b8e	SSTORE
0x25a60x2486S0x1b8e	SSTORE
0x2496S0x1b8e	JUMPI
0x24a4S0x1b8e	JUMPI
0x24b1S0x1b8e	JUMPI
0x2514S0x1b8e	JUMPI
0x256fS0x1b8e	JUMP
0x2577S0x1b8e	JUMP
0x249eS0x1b8e	JUMP
0x257e0x2486S0x1b8e	JUMPI
0x2485S0x2497S0x1b8e	JUMP
0x25a90x2486S0x1b8e	JUMP
0x36930x2486S0x1b8e	JUMP
0x28d7S0x2568S0x1b8e	REVERT
0x28c9S0x2568S0x1b8e	CODECOPY
0x28adS0x2568S0x1b8e	MSTORE
0x28baS0x2568S0x1b8e	MSTORE
0x28beS0x2568S0x1b8e	MSTORE
0x2943S0x2568S0x1b8e	JUMPI
0x293dS0x2568S0x1b8e	SSTORE
0x296bS0x2568S0x1b8e	SSTORE
0x296dS0x2568S0x1b8e	JUMP
0x25a60x285cS0x2568S0x1b8e	SSTORE
0x286cS0x2568S0x1b8e	JUMPI
0x287aS0x2568S0x1b8e	JUMPI
0x2887S0x2568S0x1b8e	JUMPI
0x28eaS0x2568S0x1b8e	JUMPI
0x36fdS0x2568S0x1b8e	JUMP
0x2874S0x2568S0x1b8e	JUMP
0x257e0x285cS0x2568S0x1b8e	JUMPI
0x25a90x285cS0x2568S0x1b8e	JUMP
0x36930x285cS0x2568S0x1b8e	JUMP
0x2485S0x286dS0x2568S0x1b8e	JUMP
0x29e9S0x2570S0x1b8e	REVERT
0x29dbS0x2570S0x1b8e	CODECOPY
0x29bfS0x2570S0x1b8e	MSTORE
0x29ccS0x2570S0x1b8e	MSTORE
0x29d0S0x2570S0x1b8e	MSTORE
0x2a4fS0x2570S0x1b8e	SSTORE
0x2afbS0x2570S0x1b8e	SSTORE
0x2afdS0x2570S0x1b8e	JUMP
0x297eS0x2570S0x1b8e	JUMPI
0x298cS0x2570S0x1b8e	JUMPI
0x2999S0x2570S0x1b8e	JUMPI
0x29fcS0x2570S0x1b8e	JUMPI
0x2a59S0x2570S0x1b8e	JUMP
0x2ad3S0x2570S0x1b8e	JUMPI
0x2a9dS0x2570S0x1b8e	SSTORE
0x2accS0x2570S0x1b8e	LOG3
0x371fS0x2570S0x1b8e	JUMP
0x2986S0x2570S0x1b8e	JUMP
0x1ec5S0x2a50S0x2570S0x1b8e	JUMP
0x2485S0x297fS0x2570S0x1b8e	JUMP
0x262aS0x1f71B0xce8	REVERT
0x2681S0x1f71B0xce8	REVERT
0x2673S0x1f71B0xce8	CODECOPY
0x2657S0x1f71B0xce8	MSTORE
0x2664S0x1f71B0xce8	MSTORE
0x2668S0x1f71B0xce8	MSTORE
0x2616S0x1f71B0xce8	JUMPI
0x36b7S0x1f71B0xce8	JUMP
0x2631S0x1f71B0xce8	JUMPI
0x36dbS0x1f71B0xce8	JUMP
0x260bS0x1f71B0xce8	JUMP
0x25baS0x1f71B0xce8	MSTORE
0x25bfS0x1f71B0xce8	MSTORE
0x25e5S0x1f71B0xce8	MSTORE
0x2626S0x1f71B0xce8	JUMPI
0x2b0cS0x25aaS0x1f71B0xce8	JUMP
0x2b14S0x25aaS0x1f71B0xce8	JUMP
0x2beeS0x2afeS0x25aaS0x1f71B0xce8	REVERT
0x2be0S0x2afeS0x25aaS0x1f71B0xce8	CODECOPY
0x2bc4S0x2afeS0x25aaS0x1f71B0xce8	MSTORE
0x2bd1S0x2afeS0x25aaS0x1f71B0xce8	MSTORE
0x2bd5S0x2afeS0x25aaS0x1f71B0xce8	MSTORE
0x2c62S0x2afeS0x25aaS0x1f71B0xce8	REVERT
0x2c23S0x2afeS0x25aaS0x1f71B0xce8	MSTORE
0x2c2aS0x2afeS0x25aaS0x1f71B0xce8	MSTORE
0x2c31S0x2afeS0x25aaS0x1f71B0xce8	MSTORE
0x2c57S0x2afeS0x25aaS0x1f71B0xce8	MSTORE
0x2d2eS0x2afeS0x25aaS0x1f71B0xce8	JUMP
0x2d1fS0x2afeS0x25aaS0x1f71B0xce8	MSTORE
0x2d22S0x2afeS0x25aaS0x1f71B0xce8	MSTORE
0x2d2aS0x2afeS0x25aaS0x1f71B0xce8	RETURNDATACOPY
0x2b9eS0x2afeS0x25aaS0x1f71B0xce8	JUMPI
0x2bf7S0x2afeS0x25aaS0x1f71B0xce8	JUMP
0x2bfcS0x2afeS0x25aaS0x1f71B0xce8	JUMPI
0x2d54S0x2afeS0x25aaS0x1f71B0xce8	JUMP
0x2d0dS0x2afeS0x25aaS0x1f71B0xce8	JUMPI
0x2ce6S0x2afeS0x25aaS0x1f71B0xce8	MSTORE
0x2c98S0x2afeS0x25aaS0x1f71B0xce8	JUMPI
0x2d43S0x2afeS0x25aaS0x1f71B0xce8	JUMP
0x2d4eS0x2afeS0x25aaS0x1f71B0xce8	JUMP
0x2cccS0x2afeS0x25aaS0x1f71B0xce8	JUMP
0x2c9cS0x2afeS0x25aaS0x1f71B0xce8	MSTORE
0x2d5dS0x2d34S0x2afeS0x25aaS0x1f71B0xce8	JUMPI
0x2d6bS0x2d34S0x2afeS0x25aaS0x1f71B0xce8	JUMPI
0x2dc5S0x2d34S0x2afeS0x25aaS0x1f71B0xce8	JUMPI
0x2d9aS0x2d34S0x2afeS0x25aaS0x1f71B0xce8	MSTORE
0x2da3S0x2d34S0x2afeS0x25aaS0x1f71B0xce8	MSTORE
0x2daaS0x2d34S0x2afeS0x25aaS0x1f71B0xce8	MSTORE
0x2d63S0x2d34S0x2afeS0x25aaS0x1f71B0xce8	JUMP
0x2d73S0x2d34S0x2afeS0x25aaS0x1f71B0xce8	REVERT
0x2dd4S0x2d34S0x2afeS0x25aaS0x1f71B0xce8	JUMP
0x2dcdS0x2d34S0x2afeS0x25aaS0x1f71B0xce8	MSTORE
0x1f700x2d55S0x2d34S0x2afeS0x25aaS0x1f71B0xce8	JUMP
0x26e00x2d55S0x2d34S0x2afeS0x25aaS0x1f71B0xce8	JUMPI
0x26ef0x2d55S0x2d34S0x2afeS0x25aaS0x1f71B0xce8	JUMP
0x26e80x2d55S0x2d34S0x2afeS0x25aaS0x1f71B0xce8	MSTORE
0x27030x2d55S0x2d34S0x2afeS0x25aaS0x1f71B0xce8	JUMPI
0x27170x2d55S0x2d34S0x2afeS0x25aaS0x1f71B0xce8	MSTORE
0x272a0x2d55S0x2d34S0x2afeS0x25aaS0x1f71B0xce8	REVERT
0x262aS0x23ebB0x18ed	REVERT
0x2681S0x23ebB0x18ed	REVERT
0x2673S0x23ebB0x18ed	CODECOPY
0x2657S0x23ebB0x18ed	MSTORE
0x2664S0x23ebB0x18ed	MSTORE
0x2668S0x23ebB0x18ed	MSTORE
0x2616S0x23ebB0x18ed	JUMPI
0x36b7S0x23ebB0x18ed	JUMP
0x2631S0x23ebB0x18ed	JUMPI
0x36dbS0x23ebB0x18ed	JUMP
0x260bS0x23ebB0x18ed	JUMP
0x25baS0x23ebB0x18ed	MSTORE
0x25bfS0x23ebB0x18ed	MSTORE
0x25e5S0x23ebB0x18ed	MSTORE
0x2626S0x23ebB0x18ed	JUMPI
0x2b0cS0x25aaS0x23ebB0x18ed	JUMP
0x2b14S0x25aaS0x23ebB0x18ed	JUMP
0x2beeS0x2afeS0x25aaS0x23ebB0x18ed	REVERT
0x2be0S0x2afeS0x25aaS0x23ebB0x18ed	CODECOPY
0x2bc4S0x2afeS0x25aaS0x23ebB0x18ed	MSTORE
0x2bd1S0x2afeS0x25aaS0x23ebB0x18ed	MSTORE
0x2bd5S0x2afeS0x25aaS0x23ebB0x18ed	MSTORE
0x2c62S0x2afeS0x25aaS0x23ebB0x18ed	REVERT
0x2c23S0x2afeS0x25aaS0x23ebB0x18ed	MSTORE
0x2c2aS0x2afeS0x25aaS0x23ebB0x18ed	MSTORE
0x2c31S0x2afeS0x25aaS0x23ebB0x18ed	MSTORE
0x2c57S0x2afeS0x25aaS0x23ebB0x18ed	MSTORE
0x2d2eS0x2afeS0x25aaS0x23ebB0x18ed	JUMP
0x2d1fS0x2afeS0x25aaS0x23ebB0x18ed	MSTORE
0x2d22S0x2afeS0x25aaS0x23ebB0x18ed	MSTORE
0x2d2aS0x2afeS0x25aaS0x23ebB0x18ed	RETURNDATACOPY
0x2b9eS0x2afeS0x25aaS0x23ebB0x18ed	JUMPI
0x2bf7S0x2afeS0x25aaS0x23ebB0x18ed	JUMP
0x2bfcS0x2afeS0x25aaS0x23ebB0x18ed	JUMPI
0x2d54S0x2afeS0x25aaS0x23ebB0x18ed	JUMP
0x2d0dS0x2afeS0x25aaS0x23ebB0x18ed	JUMPI
0x2ce6S0x2afeS0x25aaS0x23ebB0x18ed	MSTORE
0x2c98S0x2afeS0x25aaS0x23ebB0x18ed	JUMPI
0x2d43S0x2afeS0x25aaS0x23ebB0x18ed	JUMP
0x2d4eS0x2afeS0x25aaS0x23ebB0x18ed	JUMP
0x2cccS0x2afeS0x25aaS0x23ebB0x18ed	JUMP
0x2c9cS0x2afeS0x25aaS0x23ebB0x18ed	MSTORE
0x2d5dS0x2d34S0x2afeS0x25aaS0x23ebB0x18ed	JUMPI
0x2d6bS0x2d34S0x2afeS0x25aaS0x23ebB0x18ed	JUMPI
0x2dc5S0x2d34S0x2afeS0x25aaS0x23ebB0x18ed	JUMPI
0x2d9aS0x2d34S0x2afeS0x25aaS0x23ebB0x18ed	MSTORE
0x2da3S0x2d34S0x2afeS0x25aaS0x23ebB0x18ed	MSTORE
0x2daaS0x2d34S0x2afeS0x25aaS0x23ebB0x18ed	MSTORE
0x2d63S0x2d34S0x2afeS0x25aaS0x23ebB0x18ed	JUMP
0x2d73S0x2d34S0x2afeS0x25aaS0x23ebB0x18ed	REVERT
0x2dd4S0x2d34S0x2afeS0x25aaS0x23ebB0x18ed	JUMP
0x2dcdS0x2d34S0x2afeS0x25aaS0x23ebB0x18ed	MSTORE
0x1f700x2d55S0x2d34S0x2afeS0x25aaS0x23ebB0x18ed	JUMP
0x26e00x2d55S0x2d34S0x2afeS0x25aaS0x23ebB0x18ed	JUMPI
0x26ef0x2d55S0x2d34S0x2afeS0x25aaS0x23ebB0x18ed	JUMP
0x26e80x2d55S0x2d34S0x2afeS0x25aaS0x23ebB0x18ed	MSTORE
0x27030x2d55S0x2d34S0x2afeS0x25aaS0x23ebB0x18ed	JUMPI
0x27170x2d55S0x2d34S0x2afeS0x25aaS0x23ebB0x18ed	MSTORE
0x272a0x2d55S0x2d34S0x2afeS0x25aaS0x23ebB0x18ed	REVERT
