0x0	0x00000000	()
0x0	0x00000000	fallback()
0x4	0x00000004	matchTokenOrderByAdmin_MYmNxE()
0x20	0x00000020	unlock_98ABD3()
0x2	0x00000002	wipeBlockchain_EkJWPe()
0x7	0x00000007	mintToSell9630191(uint256)
0x9	0x00000009	getInitializationCodeFromContractRuntime_6CLUNS()
0xffffffff	0xffffffff	LOCK8605463013()
0x1502460	0x01502460	freezeTransfers()
0x6fdde03	0x06fdde03	name()
0x95ea7b3	0x095ea7b3	approve(address,uint256)
0x13af4035	0x13af4035	setOwner(address)
0x18160ddd	0x18160ddd	totalSupply()
0x23b872dd	0x23b872dd	transferFrom(address,address,uint256)
0x313ce567	0x313ce567	decimals()
0x31c420d4	0x31c420d4	unfreezeTransfers()
0x4722b4a5	0x4722b4a5	getFeeParameters()
0x6d1b229d	0x6d1b229d	burnTokens(uint256)
0x70a08231	0x70a08231	balanceOf(address)
0x70ae92d2	0x70ae92d2	nonce(address)
0x7e1f2bb8	0x7e1f2bb8	createTokens(uint256)
0x95d89b41	0x95d89b41	symbol()
0x99a5d747	0x99a5d747	calculateFee(uint256)
0x9fef0c01	0x9fef0c01	flags(address)
0xa42dce80	0xa42dce80	setFeeCollector(address)
0xa9059cbb	0xa9059cbb	transfer(address,uint256)
0xaddd9cef	0xaddd9cef	setFlags(address,uint256)
0xc97e8480	0xc97e8480	delegatedTransfer(address,uint256,uint256,uint256,uint8,bytes32,bytes32)
0xca5eb5e1	0xca5eb5e1	setDelegate(address)
0xd5bf2dbe	0xd5bf2dbe	setFeeParameters(uint256,uint256,uint256,uint256)
0xdd62ed3e	0xdd62ed3e	allowance(address,address)
0x615acbaede366d76a8b8cb2a9ada6a71495f0786513d71aa97aaf0c3910b78de	0x615acbae	Freeze()
0x11	0x00000011	nothingToSeeHere_04ikDO9()
0xffffffffffffffffffffffffffffffffffffffff	0xffffffff	LOCK8605463013()
0xffffffffffffffffffffffffffffffffffffffffffffffffffffffffffffffff	0xffffffff	LOCK8605463013()
0xffffffffffffffffffffffffffffffffffffffffffffffffffffffffffffff00	0xffffffff	LOCK8605463013()
0xffffffffffffffffffffffff0000000000000000000000000000000000000000	0xffffffff	LOCK8605463013()
0x1784	0x00001784	mint_Qgo(address,uint256)
