[0x00000000, nil]	0x0
[0x00000000, nil]	0xd
[0x00000000, nil]	0x40
[0x00000000, nil]	0x4b
[0x00000000, nil]	0x56
[0x00000000, nil]	0x61
[0x00000000, nil]	0x6c
[0x00000000, nil]	0x77
[0x00000000, nil]	0x82
[0x00000000, nil]	0xb5c
[0x00000000, nil]	0xb5f
[0x00000000, nil]	0xb62
[0x00000000, nil]	0xb65
[0x00000000, nil]	0xb68
[0x00000000, nil]	0xb6b
[0x00000000, nil]	0xb6e
[0x00000000, nil]	0xb71
[0x26782247, nil]	0x8c
[0x26782247, nil]	0x94
[0x26782247, nil]	0x98
[0x26782247, nil]	0x8bd
[0x3659cfe6, nil]	0xbd
[0x3659cfe6, nil]	0xc5
[0x3659cfe6, nil]	0xc9
[0x3659cfe6, nil]	0x8f8
[0x4f1ef286, nil]	0xde
[0x4f1ef286, nil]	0x919
[0x26782247, [0x98, nil]]	0x178
[0x26782247, [0x98, nil]]	0x182
[0x26782247, [0x98, nil]]	0x19c
[0x26782247, [0x98, nil]]	0x1a3
[0x26782247, [0x98, nil]]	0x1a6
[0x26782247, [0x98, nil]]	0xa13
[0x5c60da1b, nil]	0xfe
[0x5c60da1b, nil]	0x106
[0x5c60da1b, nil]	0x10a
[0x5c60da1b, nil]	0x93a
[0x3659cfe6, [0xc9, nil]]	0x1a9
[0x3659cfe6, [0xc9, nil]]	0x1b1
[0x3659cfe6, [0xc9, nil]]	0x1cb
[0x3659cfe6, [0xc9, nil]]	0xa35
[0x3659cfe6, [0xc9, nil]]	0xa57
[0x8f283970, nil]	0x113
[0x8f283970, nil]	0x11b
[0x8f283970, nil]	0x11f
[0x8f283970, nil]	0x975
[0xd3b2f598, nil]	0x134
[0xd3b2f598, nil]	0x13c
[0xd3b2f598, nil]	0x140
[0xd3b2f598, nil]	0x996
[0x26782247, [0x178, [0x98, nil]]]	0x6c3
[0x5c60da1b, [0x10a, nil]]	0x1a3
[0x5c60da1b, [0x10a, nil]]	0x1a6
[0x5c60da1b, [0x10a, nil]]	0x292
[0x5c60da1b, [0x10a, nil]]	0x29c
[0x5c60da1b, [0x10a, nil]]	0x2b6
[0x5c60da1b, [0x10a, nil]]	0xac3
[0xf851a440, nil]	0x149
[0xf851a440, nil]	0x151
[0xf851a440, nil]	0x155
[0xf851a440, nil]	0x9b7
[0x3659cfe6, [0x1a9, [0xc9, nil]]]	0x6c3
[0x8f283970, [0x11f, nil]]	0x2bd
[0x8f283970, [0x11f, nil]]	0x2c5
[0x8f283970, [0x11f, nil]]	0x2df
[0x8f283970, [0x11f, nil]]	0x2ef
[0x8f283970, [0x11f, nil]]	0x364
[0x8f283970, [0x11f, nil]]	0x36c
[0x8f283970, [0x11f, nil]]	0x380
[0x8f283970, [0x11f, nil]]	0x3f5
[0x8f283970, [0x11f, nil]]	0x3fd
[0x8f283970, [0x11f, nil]]	0x411
[0x8f283970, [0x11f, nil]]	0x486
[0x8f283970, [0x11f, nil]]	0x48f
[0x8f283970, [0x11f, nil]]	0x4b8
[0x8f283970, [0x11f, nil]]	0xae5
[0xd3b2f598, [0x140, nil]]	0x4dd
[0xd3b2f598, [0x140, nil]]	0x4e7
[0xd3b2f598, [0x140, nil]]	0x4fa
[0xd3b2f598, [0x140, nil]]	0x56f
[0xd3b2f598, [0x140, nil]]	0x580
[0xd3b2f598, [0x140, nil]]	0x5f5
[0xd3b2f598, [0x140, nil]]	0x5fe
[0xd3b2f598, [0x140, nil]]	0x608
[0x5c60da1b, [0x292, [0x10a, nil]]]	0x6c3
[0xf851a440, [0x155, nil]]	0x1a3
[0xf851a440, [0x155, nil]]	0x1a6
[0xf851a440, [0x155, nil]]	0x647
[0xf851a440, [0x155, nil]]	0x651
[0xf851a440, [0x155, nil]]	0x66b
[0xf851a440, [0x155, nil]]	0xb07
[0x26782247, [0x19c, [0x98, nil]]]	0x6e8
[0x8f283970, [0x2bd, [0x11f, nil]]]	0x6c3
[0x3659cfe6, [0x1cb, [0xc9, nil]]]	0x70d
[0x3659cfe6, [0x1cb, [0xc9, nil]]]	0x716
[0xd3b2f598, [0x4dd, [0x140, nil]]]	0x6e8
[0xf851a440, [0x647, [0x155, nil]]]	0x6c3
[0x5c60da1b, [0x2b6, [0x10a, nil]]]	0x67a
[0x3659cfe6, [0x70d, [0x1cb, [0xc9, nil]]]]	0x79d
[0x3659cfe6, [0x70d, [0x1cb, [0xc9, nil]]]]	0x7a8
[0x3659cfe6, [0x70d, [0x1cb, [0xc9, nil]]]]	0x7af
[0x3659cfe6, [0x70d, [0x1cb, [0xc9, nil]]]]	0x824
[0x8f283970, [0x364, [0x11f, nil]]]	0x6c3
[0xf851a440, [0x66b, [0x155, nil]]]	0x6c3
[0xd3b2f598, [0x5f5, [0x140, nil]]]	0x779
[0x3659cfe6, [0x79d, [0x70d, [0x1cb, [0xc9, nil]]]]]	0x849
[0x8f283970, [0x3f5, [0x11f, nil]]]	0x6e8
[0xd3b2f598, [0x5fe, [0x140, nil]]]	0x755
[0x8f283970, [0x486, [0x11f, nil]]]	0x755
[0x8f283970, [0x48f, [0x11f, nil]]]	0x6c3
[0x00000000, [0x82, nil]]	0x15e
[0x00000000, [0x82, nil]]	0x166
[0x00000000, [0x15e, [0x82, nil]]]	0x672
[0x00000000, [0x15e, [0x82, nil]]]	0xb29
[0x4f1ef286, [0xde, nil]]	0x1d6
[0x4f1ef286, [0xde, nil]]	0x1e0
[0x4f1ef286, [0xde, nil]]	0x1fa
[0x4f1ef286, [0xde, nil]]	0x202
[0x4f1ef286, [0xde, nil]]	0x23d
[0x4f1ef286, [0xde, nil]]	0xa79
[0x4f1ef286, [0xde, nil]]	0xa9e
[0x00000000, [0x672, [0x15e, [0x82, nil]]]]	0xb4a
[0x4f1ef286, [0x1d6, [0xde, nil]]]	0x6c3
[0x00000000, [0x166, [0x82, nil]]]	0x67a
[0x4f1ef286, [0x1fa, [0xde, nil]]]	0x70d
[0x4f1ef286, [0x1fa, [0xde, nil]]]	0x716
[0x4f1ef286, [0x70d, [0x1fa, [0xde, nil]]]]	0x79d
[0x4f1ef286, [0x70d, [0x1fa, [0xde, nil]]]]	0x7a8
[0x4f1ef286, [0x70d, [0x1fa, [0xde, nil]]]]	0x7af
[0x4f1ef286, [0x70d, [0x1fa, [0xde, nil]]]]	0x824
[0x00000000, [0x67a, [0x166, [0x82, nil]]]]	0x171
[0x00000000, [0x67a, [0x166, [0x82, nil]]]]	0x69f
[0x00000000, [0x67a, [0x166, [0x82, nil]]]]	0x6ba
[0x00000000, [0x67a, [0x166, [0x82, nil]]]]	0x6be
[0x4f1ef286, [0x79d, [0x70d, [0x1fa, [0xde, nil]]]]]	0x849
