0x387	Error(string)
0xd8c	Error(string)
0xed4	Error(string)
0x1056	Error(string)
0x112a	Error(string)
0x12c3	Error(string)
0x1407	Error(string)
0x146d	Error(string)
0x14fe	Error(string)
0x15c6	Error(string)
0x180f	Error(string)
0x18c8	Error(string)
0x199d	Error(string)
0x1b5b	Error(string)
0x1c7b	Error(string)
0x1d13	Error(string)
0x1d58	Error(string)
0x1ed5	Error(string)
0x2010	Error(string)
0x2102	Error(string)
0x2155	Error(string)
0x219c	Error(string)
0x2275	Error(string)
0x231b	Error(string)
0x23b9	Error(string)
0x2463	Error(string)
0x250d	Error(string)
0x26b2	Error(string)
0x2752	Error(string)
0x28f6	Error(string)
0x298d	Error(string)
0x2a86	Error(string)
0x2acb	Error(string)
0x2c25	Error(string)
0x2c6a	Error(string)
0x2d11	Error(string)
0x2d56	Error(string)
0x2fc7	Error(string)
0x3331	Error(string)
0x337e	Error(string)
0x33c2	Error(string)
0x357c	Error(string)
0x378e	Error(string)
0x3815	Error(string)
0x3b39	Error(string)
0x2ec40x2e36	Error(string)
0x2ec40x378f	Error(string)
0x2b87S0xd23	Error(string)
0x2b87S0x1149	Error(string)
0x2b87S0x1178	Error(string)
0x393bS0x301b	Error(string)
0x3a37S0x301b	Error(string)
0x3a90S0x301b	Error(string)
0x2b87S0x360a	Error(string)
0x2b87S0x26c9	Error(string)
0x2b87S0x2da5	Error(string)
0x2b87S0x3b46	Error(string)
0x2b87S0x3b59	Error(string)
0x136cS0x645	Error(string)
0x175bS0x77f	Error(string)
0x1aebS0x8ba	Error(string)
0x2b87S0x34300x1a65S0x8ba	Error(string)
0x2a2eS0xcd2	Error(string)
0x2b87S0x29dbS0xcd2	Error(string)
0x2b87S0x34300x29dbS0xcd2	Error(string)
0x30d4S0x15f2	Error(string)
0x3175S0x15fa	Error(string)
0x393bS0x35b0S0x219d	Error(string)
0x3a37S0x35b0S0x219d	Error(string)
0x3a90S0x35b0S0x219d	Error(string)
0x36e3S0x2276	Error(string)
0x393bS0x36e4S0x2276	Error(string)
0x3a37S0x36e4S0x2276	Error(string)
0x3a90S0x36e4S0x2276	Error(string)
0x326eS0x1602	Error(string)
